IAST,Romanized Spelling,,,
abhaṅgas,abhangas,,,
ābharaṇam,abharanam,,,
abhaya-mudrā,abhaya-mudra ,,,
abhaya-pradānam,abhaya-pradanam,,,
abhayahasta,abhayahasta,,,
Abhimanyu,Abhimanyu,,,
abhiṣeka(m),abhishek(am),,,
ābīram,abiram,,,
ācamanīyam,acamaniyam,added 12.12.23,,
ācārya,acharya,,,
acetanā,achetana,,,
Acintya-bhedābheda,Acintya-bhedabheda,added 18.04.24,,
acit,achit,,,
Acyuta,Achyuta,,,
ādeśa,adesha,,,
ādhāra,adhara,,,
adharma,adharma,,,
ādheya,adheya,,,
adhibhautika,adhibhautika,,,
adhibhū̄ta,adhibhuta,,,
adhidaiva,adhidaiva,,,
adhidaivata,adhidaivata,,,
adhidaivika,adhidaivika,,,
adhikārī ,adhikari,,,
adhiyajña,adhiyajna,,,
adhyātma,adhyatma,,,
adhyātmika,adhyatmika,,,
Ādi Jagadambā,Adi Jagadamba,,,
"Ādi Śaṅkarācārya, Śrī","Adi Shankaracharya, Sri",,,
Ādi-Lakṣmī,Adi-Lakshmi,added 31.01.24,,
Ādi-puruṣaṁ,Adi-purusham,,,
Ādi-śakti,Adishakti,,,
Ādi-Sundarī,Adi-Sundari,,,
Ādiśeṣa,Adishesha,,,
Aditi,Aditi,,,
Ādityas,Adityas,,,
Advaita,Advaita,,,
Advaita Vedānta,Advaita Vedanta,,,
advaita-vāda,advaita-vada,added 12.02.24,,
advaita-vādī,advaita-vadi,added 07.10.23,,
"Advaitācārya, Śrī","Advaitacharya, Sri",,,
advaitīs,advaitis,added 12.02.24,,
Advaitists,Advaitists,,,
Āgama-śāstra,Agama-shastra,,,
Āgamas,Agamas,,,
Aghāsura,Aghasura,,,
Agni,Agni,,,
Agnideva,Agnideva ,,,
Āgnidhra,Agnidhra,,,
Agniśvātta,Agnishvatta,,,
ahaṁ brahmāsmi,aham brahmasmi,added anusvāra 09.08.23,,
ahaṅkāra,ahankara,,,
Ahilyā,Ahilya,,,
ahiṁsā ,ahimsa,,,
Āhlādīni,Ahladini,,,
Ahobilaṁ,Ahobilam,,,
āhuti,ahuti,,,
Airāvata,Airavata,,,
aiśvarya,aishwarya,"lowercase 09.09.23, attribute of the Lord",,
Aiśvarya-Lakṣmī,Aishvarya-Lakshmi,added 31.01.24,,
Ajāmila,Ajamila,,,
ajapa-mantra,ajapa-mantra,,,
ājñā-cakra,ajna-chakra,,,
ajñāna-timirāndhasya jñānāñjana-śalākayā | cakṣur-unmīlitaṁ yena tasmai śrī gurave namaḥ ||,ajnana-timirandhasya jnananjana-shalakaya caksur-unmilitam yena tasmai sri gurave namah,added 03.08.23,,
akāra,akara,,,
akarma,akarma,,,
ākāśa,akasha,,,
ākāśavāṇi,akashavani,added ṇ 09.08.23,,
akhāḍā(s),akhara(s),added 04.11.23,,
akhaṇḍa-kīrtana ,akhanda-kirtan,,,
Akrūra,Akrura,,,
akṣara,akshara,,,
Akṣara-brahma-yoga,Akshara-brahma-yoga,,,
akṣata,akshata ,,,
akṣauhiṇī,akshauhini,,,
akṣaya,akshaya,,,
Akṣayapātra,Akshayapatra,capital 15.09.23,,
Ālandī,Alandi,added 09.10.23,,
āḻvār(s),alvar(),lower-case 01.03.24,,
Amala,Amala,,,
Amalān Ādi Pirāṉ,Amalan Adi Piran,,,
Amalatva,Amalatva,,,
amānavatā,amanavata,,,
Ambā(jī),Amba(ji),added 14.09.23,,
Ambarīṣa,Ambarisha ,,,
Ambikā-devī,Ambika-devi,,,
amṛta,amrita,,,
amṛtatva,amritatva,,,
aṁśa,amsha,,,
aṁśāvatāra,amshavatar,,,
Aṁśumāna,Amshumana,,,
anāhata-cakra,anahata-chakra,,,
Anala,Anala,,,
ānanda,ananda,,,
Ānanda,Ananda,,,
Ananta,Ananta,,,
Ananta-śeṣa,Ananta-shesha,,,
Ananta-vijaya,Ananta-vijaya,,,
anantatā,anantata,,,
ananya-bhakti,ananya-bhakti ,,,
Anasūyā,Anasuya,wife of Atri,,
Āṇḍāl,Andal,,,
Andhakas,Andhakas,,,
Andhra Pradesh,Andhra Pradesh,added 18.04.24,,
aṅganyāsam ,anganyasam,,,
Aṅgiras,Angiras,,,
Aṅgulimāla,Angulimala,,,
Aniruddha,Aniruddha,,,
"Annamācārya, Śrī","Annamacharya, Sri",,,
antaḥkaraṇa,antahkarana,,,
antara-darśana,antar-darshan,added 18.05.24,,
antara-jyoti,antara-jyoti,,,
antara-pūjā,antara-puja,,,
Antarātmā,Antaratma,,,
Antaryāmī,Antaryami,,,
ānukūlya-saṅkalpa,anukulya-sankalpah,added 11.04.24,,
anumāna,anumana,added 07.10.23,,
anurāga-prema,anuraga-prema,,,
anyāya,anyaya,,,
apāna ,apana,,,
aparā,apara,,,
aparā-prakṛti,apara-prakriti,,,
aparādha,aparadha,,,
apsarā(s),apsara(s),updated 24.10.23,,
āpta,apta,added 07.10.23,,
ārādhya ,aradhya,added 24.12.25,,
araṇya,aranya,,,
Āraṇya-kāṇḍa,Aranya-kanda,,,
Araṇyaka-parva,Aranyaka-parva,added 06.06.24,,
Āraṇyakas,Aranyakas,,,
āratī ,arati,,,
Arcā,Archa,,,
arcana-bhakti,archana-bhakti,,,
Ardhanārīśvara,Ardhanarishwara,,,
arghyam,arghyam,,,
Ariṣṭāsura,Arishtasura,,,
Arjuna,Arjuna,,,
Arjuna-viśāda-yoga,Arjuna-vishada-yoga,,,
ārta,arta,,,
artha,artha,,,
arthārthi,artharthi,,,
Aruṇi,Aruni,,,
Aryamā,Aryama,,,
āsana,asana,,,
Asita,Asita,,,
āśrama(s),ashram(s),,,
aṣṭa-dik,ashta-dik,added 03.06.23,,
Aṣṭa-Lakṣmī,Ashta-Lakshmi,added 25.01.24,,
aṣṭākṣara,ashtakshara,,,
aṣṭākṣara-mantra,ashtakshara-mantra,,,
aṣṭāṅga-yoga,ashtanga-yoga,,,
Aṣṭavinayaka ,Ashtavinayaka,added 24.12.25,,
asteya,asteya,,,
Asti,Asti,,,
āstika,astika,,,
aṣṭotram,ashtotram,,,
aṣṭottara-śata-nāmāvali,ashtottara-shata namavali,,,
āstra,astra,,,
asura(s),asura(s),"lowercase, italics 06.10.23",,
Āsuri Keśavācārya,Asuri Keshavacharya,,,
asuric,asuric,,,
aśvamedha-yajña,ashvamedha-yajna,,,
Āśvattha,Ashwattha,,,
Aśvatthāmā,Ashwatthama,,,
Aśvin-kumāras,Ashwin-kumaras,,,
Atharva Veda,Atharva Veda,,,
ātmā,atma,,,
Atma Kriya Yoga,Atma Kriya Yoga,,,
Atma Kriya Yogi,Atma Kriya Yogi,,,
ātma-cakra,atma-chakra,,,
ātma-jñāna,atma-jnana,,,
ātma-nikṣepa,atma-nikshepa,added 11.04.24,,
ātma-tattva,atma-tattva,,,
ātmanivedana-bhakti,atmanivedana-bhakti,,,
ātmānubhava,atma-anubhava,,,
Atri,Atri,,,
Avadhī,Avadhi,,,
avadhūta,avadhuta,,,
āvāhayāmi,avahayami,,,
avahita-mudrā ,avahita-mudra,,,
avakunthita-mudrā,avakunthita-mudra,,,
āvaraṇa,avarana,,,
avasthā,avastha,,,
avatāra(s),avatar(s),,,
avatārī,avatari,added 21.05.24,,
avidyā,avidya,,,
Avijñāta,Avijnata,,,
avyabhicāriṇī-bhakti,avyabhicharini-bhakti,,,
ayam ātmā brahma,ayam atma brahma,,,
Ayodhyā,Ayodhya,,,
Āyurveda,Ayurveda,,,
Bābājī,Babaji,,,
Bādarāyaṇa,Badarayana,,,
baddha,baddha,,,
baddha-jīva,baddha-jiva,,,
Badrī-viśāl,Badri-vishal,,,
Badrīnāth,Badrinath,,,
Bageśvara,Bageshwara,,,
Bahlika,Bahlika,,,
Bakāsura,Bakasura,,,
bala,bala,"lowercase 09.09.23, attribute of the Lord",,
bāla,bala,,,
Bāla-Gopāla,Bala-Gopala,,,
Bāla-kāṇḍa,Bala-kanda,,,
Bāla-Kṛṣṇa,Bala Krishna,,,
Bāla-līlā,Bala-lila,,,
bāla-svarūpa,bala-svarūpa,added 20.10.23,,
Bālājī,Balaji,,,
Balarāma,Balarama,,,
Bali,Bali,,,
Bali Māhāraja,Bali Maharaja,,,
"Bāḻūmāmā Mahārāja, Śrī","Balumama Maharaja, Sri",,,
Bāṅke Bihārī,Banke Bihari,,,
bānsurī,bansuri,changed to ī 12.06.23,,
Barbarīka,Barbarika,,,
Barhiṣat,Barhishat,,,
besan laḍḍū,besan laddu,,,
Bhadrācalam,Bhadrachalam,added 07.06.23,,
Bhadrakālī,Bhadrakali,,,
bhaga,bhaga,,,
Bhagavad Gītā,Bhagavad Gita,,,
Bhagavān,Bhagavan,,,
Bhagavat-prema,Bhagavat-prema,added 17.01.25,,
Bhāgavata Purāṇa,Bhagavata Purana,,,
Bhāgavata-kathā,Bhagavata-katha,added 25.04.24,,
bhāgavata(s),bhagavata(s),added 23.04.24,synonym of 'bhakta',
Bhāgavatam,Bhagavatam,,,
bhāgavatas,bhagavatas,,,
Bhagavatī,Bhagavati,,,
Bhagīratha,Bhagiratha,,,
Bhairava,Bhairava,,,
Bhairava-pūjā,Bhairava-puja,,,
bhajāmi,bhajami,,,
bhajana,bhajana,,,
bhajana-maṇḍalī,bhajan-mandali,,,
bhajanam,bhajanam,,,
bhajans,bhajans,,,
Bhakta Prahlāda,Bhakta Prahlad,,,
bhakta-vatsala,bhakta-vatsala,"as a description, not as a name",,
Bhakta-vatsala ,Bhakta-vatsala ,,,
bhakta(s),bhakta(s),,,
bhakti ,bhakti,,,
Bhakti Marga,Bhakti Marga,as organisation,,
bhakti path,bhakti path,,,
bhakti-mārga,bhakti-marga,as 'path of devotion',,
bhakti-yoga,bhakti-yoga,as 'yoga of devotion',,
Bhakti-yoga,Bhakti-yoga,as chapter in the Bhagavad Gītā,,
bhakti-yogī,bhakti-yogi,,,
Bhānu,Bhanu,,,
Bharadvāja-gotra,Bharadwaja-gotra,,,
"Bharadvāja, Śrī","Bharadwaja, Sri",,,
Bharata,Bharata,,,
Bhāṣyācārya,Bhashyacharya,,,
Bhaumāsura,Bhaumasura,,,
bhāva,bhava,,,
bhikṣā,bhiksha,added 23.04.24,,
Bhīma,Bhima,,,
Bhīṣma,Bhishma,,,
Bhīṣma-parva,Bhishma-parva,,,
Bhīṣma-pitā,Bhishma-pita,,,
Bhīṣmaka,Bhishmaka,,,
bhoga,bhoga,,,
bhoga-āratī ,bhoga-arati ,,,
Bhogavatī ,Bhogavati ,,,
Bholānātha,Bholanatha,,,
Bhṛgu,Bhrigu,,,
Bhṛgu-pāda,Bhrigu-padam,,,
"Bhṛgu, Ṛṣi","Bhrigu, Rishi",,,
Bhū-devī,Bhu-devi,,,
Bhū-devī Yajña,Bhu-devi Yajna,as event name,,
Bhū-devī-yajña,Bhu-devi-yajna,,,
Bhūloka,Bhuloka ,,,
Bhūmi-devī,Bhumi-devi,,,
Bhūmi-kāṇḍa,Bhumi-kanda,,,
Bhūmi-sparśa,Bhumi-sparsha,,,
Bhūmisuta,Bhumisuta,,,
Bhutabhrteshwarnath Temple,Bhutabhrteshwarnath Temple,,,
Bhūtabhṛteśvarnātha,Bhutabhrteshwarnath,,,
bhūtala ,bhutala,added 26.09.23,,
Bhūtapurī,Bhutapuri,,,
bīja,bija,,,
bīja-mantra,bija-mantra,,,
bilva,bilva,,,
Bilvamaṅgala,Bilvamangala,,,
bindu,bindu,,,
Bodhāyana-vṛtti,Bodhayana-vritti,,,
bodhisattva,bodhisattva,,,
Brahmā,Brahma,,,
Brahmā Purāṇa,Brahma Purana,,,
Brahma Sampradāya,Brahma Sampradaya,,,
Brahma-jñāna,Brahma-jnana,11.06.24 corrected from Brahma-,,
Brahma-jñāni,Brahma-jnani,11.06.24 corrected from Brahma-,,
Brahma-muhūrta,Brahma-muhurta,11.06.24 corrected from Brahma-,,
Brahma-nāḍi,Brahma-nadi,,,
Brahma-patni,Brahma-patni,,,
Brahma-randhra,Brahma-randhra,,,
Brahma-saṁhitā,Brahma-samhita,,,
Brahma-sūtra,Brahma-sutra,not 'Brahma-sūtras',,
Brahma-vidyā,Brahma-vidya,,,
brahmacārī,brahmachari(s),,,
Brahmacārī Initiation ,Brahmachari Initiation,,,
brahmacāriṇī,brahmacharini(s),,,
brahmacārya,brahmacharya,12.06.24 updated,,
Brahmāloka,Brahmaloka,,,
Brahman,Brahman,,,
brāhmaṇa(s),brahmana(s),,,
Brahmāṇḍa Purāṇa,Brahmanda Purana,,,
brahmarṣi(s),brahmarshi(s),added 12.12.23,,
Brahmāstra,Brahmastra,,,
brāhmī-sthiti,brahmi-sthiti,,,
Bṛhad-āraṇyaka Upaniṣad,Brihad-aranyaka Upanishad ,,,
Bṛhannala,Brihannala,,,
Bṛhaspati,Brihaspati,,,
Bṛhat-sāma,Brihat-sama,,,
Buddha,Buddha,,, 
buddhi,buddhi,,,
"Caitanya Mahāprabhu, Śrī","Chaitanya Mahaprabhu, Sri",,,
"Caitanya-caritāmṛta, Śrī","Chaitanya-charitamrita, Sri",,,
Caitra,Chaitra,,,
cakra,chakra,as energetic point in the subtle body,,
Cakra,Chakra ,as weapon of the Lord,,
cakra(s),chakra(s),,,
cakravyūha,chakravyuha,,,
cālīsā,chalisa,,,
Canda,Chanda,,,
candana,chandan,,,
candanam,chandanam,,,
Caṇḍī-pāṭha,Chandi-patha,,,
Candra,Chandra,,,
candra-maṇḍala,candra-mandala,added 03.07.24,,
Candra-namaskāra,Chandra-namaskara,,,
Candrabhāgā,Candrabhaga,added 01.05.24,,
Candraghaṇṭā,Chandraghanta,,,
Cānūra,Chanura,,,
Carama-śloka,Charama-shloka,,,
Cāraṇa(s) ,Charana(s) ,,,
caraṇāmṛta,charanamrita,,,
catur-guṇa,chatur-guna,,,
catur-varṇa,chatur-varna,,,
catur-varṇyam,chatur-varnyam,,,
catur-yugas,chatur-yugas,,,
caturaṅga,chaturanga,,,
Caturāśrama,Chaturashrama,,,
Caturbhuja,Chaturbhuja,,,
Caturdaśī,Chaturdashi ,,,
Cāturmāsya,Caturmasya,added 03.08.23,,
Cekitāna,Chekitana,,,
Chandas,Chandas,added 18.04.24,one of the Vedāṅgas,
Chāndogya Upaniṣad,Chandogya Upanishad,added 18.01.24,,
cīna-mudrā,china-mudra,,,
Cintāmaṇi,Chintamani,,,
cit,chit,,,
Citragupta,Chitragupta,,,
Citraratha,Chitraratha,,,
Cokhāmelā,Chokhamela,,,
dadhi,dadhi,,,
Dadhīci,Dadhichi,,,
Daitya(s),Daitya(s) ,,,
Daivāsura-sampad-vibhāga-yoga,Daivasura-sampad-vibhaga-yoga,,,
daivi-sampad,daivi-sampad,,,
Dakṣa,Daksha,,,
dakṣiṇā,dakshina,,,
Dakṣiṇāmūrti,Dakshinamurti,,,
Dakṣiṇāyana ,Dakshinayana ,,,
Dakṣiṇeśvara,Dakshineshwar,,,
dalita(s),dalit(s),,,
dama,dama,,,
Dāmāśeṭ,Damashet,added 22.05.24,father of Nāmdev,
Dāmodara-kuṇḍa,Damodara-kunda,,,
Dāmodara-līlā,Damodara-lila,,,
dāna,dana,,,
Daṇḍaka,Dandaka,,,
Dantavakra,Dantavakra,,,
darśana,darshana,30.05 changed from darśan,,
darśanas,darshanas,philosophical systems ,,
Darshan,Darshan,as a BM event,,
Darshan Hall,Darshan Hall,,,
Dāruka,Daruka,,,
Dāsa,Das,,,
Daśamī,Dashami,,,
Daśanāmī,Dashanami,added 23.12.25,,
Daśaratha,Dasharatha,,,
Daśāvatāra,Dashavatar,,,
Daśāvatāra-stotra,Dashavatara-stotra,,,
Dāsī,Dasi,,,
dāsya,dasya,,,
dāsya-bhakti,dasya-bhakti,,,
dāsya-bhāva ,dasya-bhava,,,
Dattātreya,Dattatreya,,,
deva,deva,,,
Devadatta,Devadatta,,,
Devādi-deva,Devadi-deva,,,
Devahūtī,Devahuti,,,
Devakī,Devaki,,,
Devala,Devala,,,
Devanāgarī,Devanagari,,,
devas,devas,"lowercase, italics 06.10.23",,
Deveśa,Devesha,,,
Devī,Devi ,,,
Devī Bhāgavatam,Devi Bhagavatam,added 09.10.23,,
Devī-āvāhanam,Devi-avahanam,,,
Devī-māhātmyam,Devi-mahatmyam,,,
Devī-tripura-śrī,Devi-tripura-sri,,,
dhāma,dham,added -a 14.09.23,,
Dhana-Lakṣmī,Dhana-Lakshmi,added 31.01.24,,
Dhanaterasa,Dhanteras,,,
Dhanvantari,Dhanvantari,,,
Dhanya-Lakṣmī,Dhanya-Lakshmi,added 31.01.24,,
dhāraṇā,dharana ,,,
dharma,dharma,,,
dharma-bhumi,dharma-bhumi,,,
dharma-bhūta-jñāna,dharma-bhuta-jnana,,,
Dharma-śāstras,Dharma-shastras,,,
dharmakṣetra,dharmakshetra,,,
Dharmarāja,Dharmaraja,,,
Dharmasetu,Dharmasetu,,,
dharmi-jñāna,dharmi-jnana,,,
Dhātā,Dhata,,,
Dhenukāsura,Dhenukasura,,,
dhoti ,dhoti,,,
Dhṛṣṭadyumna,Dhrishtadyumna,,,
Dhṛṣṭaketu,Dhrishtaketu,,,
Dhṛtarāṣṭra,Dhritarashtra,,,
Dhruva,Dhruva,,,
Dhruva-nakṣatra,Dhruva-nakshatra,,,
Dhruvaloka,Dhruvaloka,,,
dhūpam,dhupam,,,
dhyāna,dhyana,,,
dhyāna-mudrā,dhyana-mudra,,,
dhyāna-śloka,dhyana-shloka,,,
dhyāna-yoga,dhyana-yoga,,,
dhyāyāmi,dhyayami,,,
digrakṣanam,digrakshanam,,,
dīkṣā,diksha,,,
dīkṣā-guru,diksha-guru,,,
Dīna-bandhu,Dina-bandhu,,,
Dīna-dayāla,Dina-dayala,,,
dīpam,dipam,,,
Diti,Diti,,,
Dīvālī,Diwali,,,
Divya Prabandham,Divya Prabandham,removed hyphen 11.02.24,,
divya-deśa(m),divya-desha(m),added 23.04.24,,
divya-dṛṣṭi,divya-drishti,,,
Draupadī,Draupadi,,,
Draupadī-vastraharaṇa,Draupadi-vastraharana,,,
dravyam,dravyam,,,
Droṇa,Drona,,,
Droṇācārya,Dronacharya,,,
dṛṣṭa-śakti,drishta-shakti,,,
dṛṣṭi,drishti,,,
Drupada,Drupada,,,
duḥkhālayam,dukhalayam,added 21.08.23,,
Duḥkhi Kṛṣṇa,Duhkhi Krishna,,,
Duḥśāsana,Duhshasana,,,
Durgā,Durga,,,
Durgā-cālīsā,Durga-chalisa,,,
Durgā-devī,Durga-devi,,,
Durgā-saptaśatī,Durga-saptashati,,,
Durvāsa,Durvasa,,,
Duryodhana,Duryodhana,,,
Dussehra,Dussehra,,,
Dvaipāyana,Dwaipayana ,,,
Dvaita,Dvaita,,,
Dvaitādvaita,Dvaitādvaita,,,
Dvāpara-yuga,Dwapara-yuga,,,
Dvārakā,Dwarka,,,
Dvārakā-śilā(s),Dwarka-shila,,,
Dvaravatī-śilā,Dvaravati-shila,added 06.08.23,,
dvaya-mantra,dvaya-mantra,,,
Ekādaśī,Ekadashi,,,
Ekalavya,Ekalavya,,,
ekaṁ sad viprā bahudhā vadanti,ekam sad vipra bahudha vadanti,added 05.09.23,,
Eknāth Mahārāja ,Eknath Maharaja ,added 12.12.23,,
Gadā,Gada,,,
Gaja-Lakṣmī,Gaja-Lakshmi,added 31.01.24,,
Gajendra,Gajendra,,,
Gajendra-mokṣa,Gajendra-moksha,,,
Gaṇapati,Ganapati,,,
Gāṇapatya,Ganapatya,,,
Gaṇḍakī,Gandaki,,,
Gāndhāri,Gandhari,,,
Gandharvas,Gandharvas,,,
Gandhi,Gandhi,,,
Gāṇḍīva,Gandiva,,,
Gaṇeśa,Ganesha,,,
Gaṇeśa Caturthī,Ganesha Chaturthi ,,,
Gaṇeśa-pūjā,Ganesha-puja,,,
Gaṅgā,Ganga,,,
Gaṅgā-devī,Ganga-devi,,,
Gaṅgā-putra,Ganga-putra,,,
Garbhodaka,Garbhodaka,added 03.08.23,,
Garga Muni,Garga Muni,-muni to Muni 25.07.23,,
Garga Ṛṣi ,Garga Rishi,added 14.09.23,,
Garuḍa,Garuda,,,
Garuḍa Purāṇa,Garuda Purana,,,
Gau-Mātā,Gau-Mata,,,
Gauḍīya Sampradāya,Gaudiya Sampradaya,,,
Gauḍīya Vaiṣṇava,Gaudiya Vaishnava,,,
Gauḍīya Vaiṣṇavism,Gaudiya Vaishnavism,,,
Gauḍīyas,Gaudiyas,,,
gauṇa (āveśa)-avatāra,gauna (avesha)-avatar,,,
Gaura-Nitāi ,Gaura-Nitai ,,,
Gaurāṅga,Gauranga,,,
Gaurī,Gauri,,,
Gaurī-Śaṅkara,Gauri-Shankara,,,
Gautama,Gautama,,,
Gayā,Gaya,added 25.04.24,city in Bihār,
Gāyatrī,Gayatri,,,
Gāyatrī Yajña,Gayatri Yajna,as event name,,
Gāyatrī-devī,Gayatri-devi,,,
Gāyatrī-mantra(s),Gayatri-mantra(s),,,
Gāyatrī-mudrās,Gayatri-mudras,,,
Gāyatrī-yajña,Gayatri-yajna,,,
ghāṭ,ghat,(Hindi) added 09.10.23,,
ghī ,ghee,,,
ghṛta,ghrita,,,
Giridhāra Gopāla,Giridhara Gopala,added 14.09.23,,
Giridhārī(jī),Giridhari(ji),,,
Girirāja,Giriraja ,,,
Gītā,Gita,,,
Gītā-bhāṣya,Gita-bhashya,,,
Gītā-govinda,Gita-govinda,,,
Godāgraja,Godagraja,,,
Godāvarī,Godavari ,,,
Gokula,Gokul,added -a 07.09.23,,
Goloka,Goloka,,,
Gomatī-śilā,Gomati-shila,added 06.08.23,,
Goṇāī,Gonai,added 22.05.24,mother of Nāmdev,
Gopāla,Gopala,,,
"Gopāla Bhaṭṭa Gosvāmī, Śrī","Gopala Bhatta Goswami, Sri",,,
Gopāla-tāpanī Upaniṣad,Gopala-tapani Upanishad,added 10.02.24,,
gopas,gopas,,,
Gopī Gītā,Gopi Gita,,,
Gopīnātha,Gopinatha,,,
gopīs,gopis,,,
Gopīśvara,Gopishwara,,,
goptṛtva-varaṇam,goptritva-varanam,added 11.04.24,,
Gorā Kumbhāra,Gora Kumbhar,,,
Gorakhnāth,Gorakhnath,,,
Gorākumbhāra,Gorakumbhar,added 17.08.24,,
"Goṣṭhipūrṇa, Śrī","Goshthipurna, Sri",,,
Goṣtipūrṇa,Goshtipurna,,,
Gosvāmī,Goswami,,,
Gosvāmī Tulsīdās,Goswami Tulsidas,,,
gotra,gotra,,,
Govardhana,Govardhana,as mountain 10.08.23,,
Govardhana Pūjā,Govardhana Puja,as event name,,
Govardhana-līlā,Govardhana-lila,,,
Govardhana-pūjā,Govardhana-puja,,,
Govardhana-śilā,Govardhana-shila,added 05.08.23,,
Govatsa Dvādaśī,Govatsa Dvadashi,,,
Govinda,Govinda,,,
Govinda-Devajī,Govinda-Devaji,,,
gṛhastha,grihastha ,,,
Gujarāt,Gujarat,added 16.05.24,,
guṇa-kīrtana,guna-kirtan,added 04.06.23,,
guṇa(s),guna(s),,,
guṇātīta,gunatita,added 10.04.24,,
Guṇatraya-vibhāga-yoga,Gunatraya-vibhaga-yoga,,,
guru,guru ,,,
Guru Granth Sāhib,Guru Granth Sahib,added 22.05.24,,
Guru Mahārāja,Guru Maharaj,,,
Guru Nānak(dev(jī)),Guru Nanak(dev(ji)),added dev(jī) 20.06.23,,
guru-aparādha,guru-aparadha,,,
guru-āratī ,guru-arati ,,,
Guru-āratī ,Guru-arati ,added 19.12.23,,
guru-bhakta,guru-bhakta,,,
guru-bhakti,guru-bhakti,,,
guru-dakṣiṇā,guru-dakshina,,,
guru-kṛpā,guru-kripa,,,
guru-kula,guru-kula,added 13.04.24,,
guru-mā,guru-ma,added 17.05.24,,
guru-maṇḍala,guru-mandala,,,
guru-mantra,guru-mantra,,,
guru-paramparā,guru-parampara,,,
guru-pūjā,guru-puja,,,
guru-śaraṇāgati,guru-sharanagati,,,
guru-sevā,guru-seva,,,
guru-śiśya,guru-shishya,,,
guru-sthāna,guru-sthana,,,
Guru-stotram ,Guru-stotram ,added 24.03.24,,
guru-tattva,guru-tattva,,,
guru-upadeśa,guru-upadesha,,,
Gurudev,Gurudev,when referring to Guruji,,
gurudeva,gurudev,in a general sense,,
Guruji-gāyatrī-mantra,Guruji-gayatri-mantra,,,
gurukula,gurukula,,,
Gurupūrnimā,Gurupurnima,,,
halāhala,halahala,,,
haṁsa,hamsa,,,
Haṁsa,Hamsa ,,,
Hanumān,Hanuman,,,
Hanumān Cālīsā,Hanuman Chalisa,,,
Hanumān Jayantī,Hanuman Jayanti,,,
Hare Kṛṣṇa mahā-mantra,Hare Krishna maha-mantra,,,
Hari,Hari,,,
Hari Bhakta Sampradāya ,Hari Bhakta Sampradaya ,added 10.08.23,,
Hari Pūrṇa Bhakta Śiva,Hari Purna Bhakta Shiva,,,
Hari-darśana,Hari-darshana,added 19.06.24,,
Hari-hara,Hari-hara,,,
Hari-kathā,Hari-katha,,,
Hari-nāma,Hari-nama,,,
Haribol,Haribol,,,
Hastināpura,Hastinapura,,,
haṭha-yoga,hatha-yoga,,,
havana,havana,,,
Havana,Havana,,,
havana-samāgrī,havana samagri,,,
Hayagrīva,Hayagriva,,,
Hayagrīva Jayantī,Hayagriva Jayanti,,,
he kṛṣṇa karuṇā-sindhu dīna-bandhu jagat-pate | gopeśa gopikā-kānta rādhā-kānta namo ’stu te ||,he krishna karuna-sindhu dina-bandhu jagat-pate gopesha gopika-kanta radha-kanta namo 'stu te ,added 03.08.23,,
Himālayas,Himalayas,25.05,,
hīra-śaṅkha,hira-shanka,added 03.08.23,,
Hiraṇyagarbha,Hiranyagarbha,,,
Hiraṇyagarbha-liṅgam,Hiranyagarbha-lingam,,,
Hiraṇyakaśipu,Hiranyakashipu,,,
Hiraṇyākṣa,Hiranyaksha,,,
hita,hita,added 10.02.24,a term of Vedānta meaning method or path,
Holikā,Holika,,,
Holikā dahana,Holika Dahan,,,
homa,homa,,,
hṛdaya-mudrā,hridaya-mudra,,,
Hṛṣīkeśa,Hrishikesha,,,
icchā-mṛtyu,ichcha-mrityu,,,
icchā-śakti,ichcha-shakti,,,
iḍā(-nāḍi),ida(-nāḍi),updated 30.08.23,,
Ikṣvāku,Ikshvaku,,,
Indra(deva),Indra(deva),,,
Indrajit,Indrajit,,,
Indraloka,Indraloka,,,
Indrāṇī,Indrani,,,
Indrapraṣṭha,Indraprastha,25.05,,
Indrāyaṇī,Indrayani,added 29.05.24,,
indriyas,indriyas,,,
iṣṭadeva,ishtadeva,,,
Īśvara,Ishwara,25.05.2023 changed to Ī,,
"Īśvara Purī, Śrī","Ishwara Puri, Sri",,,
Itihāsas,Itihasas,itialics 18.04.24,,
Jaḍabharata,Jadabharata,,,
Jagadambā,Jagadamba,,,
jagadguru,jagadguru,,,
Jagannātha,Jagannatha,30.05 changed from Jagannāth,,
Jagannātha Purī,Jagannath Puri,added 23.04.24,,
jagat,jagat,,,
Jagatjananī,Jagat Janani,added 09.11.23,,
jagrat ,jagrat ,added 05.02.25,,
Jai,Jai,,,
Jai Gurudev,Jai Gurudev,,,
jal-samādhi,jal-samadhi,,,
Jālandhara,Jalandhara ,,,
Jāmbavān,Jambavan,,,
Jāmbavatī,Jambavati,,,
Janābāī,Janabai,,,
Janaka,Janaka,,,
Janamejaya,Janamejaya,,,
Jananī,Janani,,,
Janārdana,Janardana,,,
Janārdana Svāmī,Janardana Swami,added 20.04.24,,
janeu,janeu,,,
janmā,janma,,,
Janmāṣṭamī,Janmashtami,,,
japa,japa,,,
Japa Walk,Japa Walk,,,
japa-kriyā,japa-kriya,,,
japa-mālā,japamala,,,
japa-mantra(s),japa-mantra(s),added 24.01.24,,
Jāra,Jara,,,
Jārasandha,Jarasandha,,,
Jaṭāyu,Jatayu,,,
jātis,jatis,,,
Jaya,Jaya ,,,
Jayadeva,Jayadeva,,,
Jayadeva Gosvāmī,Jayadeva Goswami,,,
Jayadratha,Jayadratha,,,
jayantī,jayanti,,,
Jayantī,Jayanti ,,,
jijñāsur,jijnasur,,,
jīva,jiva,,,
Jīva Gosvāmī,Jiva Goswami,,,
jīva-bhūta,jiva-bhuta,,,
jiva-samādhi,jiva-samadhi,added 24.12.25,,
jīva-svarūpa,jiva-svarupa,,,
jīvan-mukta,jivan-mukta,,,
jīvan-mukti,jivan-mukti,,,
jīvātmā,jivatma,,,
jñāna,jnana,,,
Jñāna-kāṇḍa,Jnana-kanda,italicised 21.06.23,,
jñāna-mārga,jnana-marga,,,
jñāna-mudrā,jnana-mudra,,,
jñāna-śakti,jnana-shakti ,,,
Jñāna-vibhāga-yoga,Jnana-vibhaga-yoga,,,
Jñāna-vijñāna-yoga,Jnana-vijnana-yoga,,,
jñāna-yoga,jnana-yoga,,,
jñānendriyas,jnanendriyas,,,
Jñāneśvara,Jnaneshwara,,,
jñānī,jnani,,,
jvālā,jwala,,,
Jvālā-Narasiṁha,Jwala-Narasimha,updated 05.09.23,,
jyotir-liṅga(m),jyotir-linga(m),,,
Jyotiṣa,Jyotisha,,,
Kabīr-panth,Kabir-panth,added 25.05.24,,
Kabīr(dev(jī)),Kabir(dev(ji)),added (dev(jī)) 14.09.23,,
Kadrū,Kadru,,,
Kaikeyī,Kaikeyi,,,
Kailāśa,Kailash,,,
kaiṅkarya,kainkarya,30.05 new addition,,
Kaiṭabha,Kaitabha,,,
Kākabhuṣuṇḍi,Kakabhushundi,,,
kala,kala ,,,
Kāla,Kala,,,
Kālanemi,Kalanemi,,,
Kālarātri,Kalaratri,,,
kalaśa,kalasha,,,
kalaśa-pūjā,kalash-puja,,,
Kālayavana,Kalayavana,,,
Kālī,Kali,,,
Kālī Mā,Kali Ma,,,
Kali-yuga,Kali-yuga ,,,
Kālindī,Kalindi,,,
Kāliya,Kaliya,,,
Kalki-avatāra,Kalki-avatar,,,
kalpa,kalpa,,,
kalpa-vṛkṣa,kalpa-vriksha,,,
Kalpataru,Kalpataru,uppercase 07.03.24,,
kāma,kama,,,
Kāmadeva,Kamadeva,,,
Kāmadhenu,Kamadhenu,,,
Kāmākṣī,Kamakshi,,,
Kāmākṣī-devī,Kamakshi-devi,,,
kamaṇḍalu,kamandalu,,,
Kaṁsa,Kamsa,,,
Kāñci,Kanchi,,,
Kāñcī-Kāmākṣī,Kanchi-Kamakshi,,,
Kāñcipuram,Kanchipuram,,,
Kāñcīpūrṇa,Kanchipurna,,,
Kandarpa,Kandarpa,,,
Kānhopātrā,Kanhopatra,,,
kaniṣṭha,kanishtha,,,
kaniṣṭha-adhikārī,kanishtha-adhikari,,,
Kannaḍa,Kannada,,,
Kaṇṇiṇun Siruthāmbu,Kanninun Siruthambu,,,
kaṇṭhī-māla,kanthi-mala,27.05,,
Kānti,Kanti,,,
Kāntimatī,Kantimati,,,
Kapila,Kapila,,,
Kapila Muni,Kapila Muni,-muni to Muni 25.07.23,,
karāgre vasate lakṣmīḥ kara-madhye sarasvatī kara-mūle tu govindaḥ prabhāte kara-darśanam,karagre vasate lakshmih kara-madhye sarasvati kara-mule tu govindah prabhate kara-darshanam,added 21.10.25,,
karanyāsam,karanyasam,,,
Kardama,Kardama,,,
karma,karma,,,
karma-bhumi,karma-bhumi,,,
Karma-kāṇḍa,Karma-kanda,italicised 21.06.23,,
Karma-sannyāsa-yoga,Karma-sannyasa-yoga,,,
Karma-yoga,Karma-yoga,as Gītā chapter,,
karma-yoga,karma-yoga,in regular usage,,
karma-yogī(s),karma-yogi(s),,,
karmendriyas,karmendriyas,,,
Karṇa,Karna,,,
Karnāṭaka,Karnataka,added IAST 04.06.23,,
kārpaṇya,karpanya,added 11.04.24,,
karpūra,karpura,,,
Kārtavīrya,Kartavirya,,,
kartavya,kartavya ,,,
Kārtika,Kartik ,,,
Kārtikeya,Kartikeya,,,
Kāśī ,Kashi,,,
Kaśyapa,Kashyapa,,,
kathā,katha,,,
Kaṭha Upaniṣad,Katha Upanishad,added 06.02.24,,
kathārī,kathari,added 20.04.24,,
Kātyāyana,Katyayana,,,
Kātyāyanī,Kātyāyanī,,,
Kātyāyanī-devī,Katyayani-devi ,,,
Kaumodakī,Kaumodaki,added 31.01.24,,
Kauṇḍilya,Kaundilya,,,
Kaunteya,Kaunteya,,,
Kauravas,Kauravas,,,
Kausalyā,Kausalya,,,
Kauśika,Kaushika,,,
Kaustubha,Kaustubha,,,
kavaca,kavacha,,,
Kāverī,Kaveri,,,
kavirāja(s),kaviraja,,,
Kavyavāha,Kavyavaha,,,
Kedārnāth,Kedarnath,changed ē to e 12.06.23,,
Keśava,Keshava,,,
Keśī,Keshi ,,,
Ketu,Ketu,,,
Ketu-kāla,Ketu-kala,,,
Kevat,Kevaṭa,added 14.09.23,,
Khaṇḍobā,Khandoba,,,
khecara,khecara,,,
khecarī-mudrā ,khechari-mudra,,,
khīr,khir,,,
Kinnaras,Kinnaras,,,
kīrtana,kirtan,,,
kīrtana-bhakti,kirtana-bhakti,,,
kīrtanam,kirtanam,,,
kīrtans,kirtans,added 15.06.23,,
kīrti,kirti,,,
Krama Sandarbha,Krama Sandarbha,added 31.01.26,,
Kratu,Kratu,,,
kriyā-śakti,kriya-shakti ,,,
kriyā-yoga,kriya-yoga,,,
kriyā-yogī(s),kriya-yogi(s),,,
kriyā(s),kriya(s),,,
kriyamāṇa-karma,kriyamana-karma,added 19.03.26,,
krodha,krodha,,,
kṛpā,kripa,,,
Kṛpā-sindhu,Kripa-sindhu,as a name,,
kṛpā-sindhu,kripa-sindhu,as a description,,
Kṛpāchārya,Kripacharya,,,
kṛpaṇa,kripana,,,
Kṛpānidhe,Kripanidhe,,,
Kṛpeśvarnāth,Kripeshwarnath,,,
Kṛṣṇa,Krishna,,,
Kṛṣṇa Janmāṣṭamī,Krishna Janmashtami ,,,
Kṛṣṇa kānhaiya-lālā kī jai,Krishna kanhaiya-lala ki jai,added 05.11.24,,
Kṛṣṇa-āratī ,Krishna-arati ,,,
Kṛṣṇa-arpaṇ,Krishna-arpan,,,
Kṛṣṇa-arpaṇam,Krishna-arpanam,,,
Kṛṣṇa-arpaṇam astu,Krishna-arpanam astu,split into 2 01.08.23,,
Kṛṣṇāvatāra,Krishnavatar,,,
Kṛṣṇa-karṇāmṛtam,Krishna-karnamrita,,,
Kṛṣṇa-kathā,Krishna-katha,added 03.08.23,,
Kṛṣṇa-praṇāma,Krishna-pranama,,,
kṣamā,kshama,,,
kṣamā-prārthanā,kshama-prarthana,added 03.08.23,,
kṣara,kshara,,,
kṣatriya,kshatriya,,,
kṣetra,kshetra,,,
Kṣetra-kṣetrajña-yoga,Kshetra-kshetrajna-yoga,,,
Kṣetrajña,Kshetrajna,,,
Kubera,Kubera,,,
kuladevatā,kuladevata,,,
Kulaśekhara Āḻvār,Kulashekhara Alvar,,,
Kulothuṅga Chola I,Kulothunga Chola I,,,
Kulottīrṇa-yoginī,Kulotirna-yogini,from Kulotīrṇa-yoginī 19.08.23,,
Kumāra Sampradāya,Kumara Sampradaya,,,
Kumāra(s),Kumara(s),,,
Kumati,Kumati,added 09.12.25,,
Kumbha Melā,Kumbha Mela,,,
kumbhaka,kumbhaka,,,
Kumbhakarṇa,Kumbhakarna,,,
kuṁkuma,kumkum,,,
Kumuda-gaṇeśa,Kumuda-ganesha,,,
kuṇḍa,kund,,,
kuṇḍalinī,kundalini,,,
Kuntī,Kunti,,,
Kuntibhoja,Kuntibhoja,,,
Kūreśa,Kuresha,,,
Kūrma,Kurma,,,
Kūrmāvatāra,Kurmavatar,,,
Kūrma-kṣetra,Kurma-kshetra,,,
kurtā,kurta,,,
Kurukṣetra,Kurukshetra,,,
kuśa,kusha,,,
Kuṣmāṇḍā,Kushmanda,,,
Kusum Sarovar,Kusum Sarovar,,,
kuṭīra,kutir,added 04.07.23,,
Kuvalayāpīḍa,Kuvalayapida,,,
laḍḍu,laddu,,,
Laḍḍu-Gopāla,Laddu-Gopala,added 07.08.23,,
Lahiri Mahasaya,"Lahiri Mahasaya, Sri",,,
Lakṣmaṇa,Lakshmana,,,
Lakṣmaṇa Muni,Lakshmana Muni,-muni to Muni 25.07.23,,
Lakṣmaṇa-rekhā,Lakshmana-reka,,,
Lakṣmī-devī,Lakshmi-devi,,,
Lakṣmī-Nārāyaṇa,Lakshmi-Narayana,,,
Lalitā-Tripurasundarī,Lalita-Tripurasundari,,,
Laṅkā,Lanka,changed to ā 06.06.23,,
Lava,Luv ,,,
likhita-japa ,likhita-japa ,added 03.06.23,,
likhita-japa-sādhana,likhita-japa-sadhana,added 03.06.23,,
līlā,lila,,,
Līlā-dhara,Lila-dhara,,,
līlā-kīrtana ,lila-kirtan,added 04.06.23,,
liṅgam,lingam,added ṅ 03.08.23,,
lobha,lobha,,,
loka-saṅgraha,loka-sangraha,,,
Loka-sāraṅga,Loka-saranga,,,
loka(s),loka(s),,,
Mā,Ma,,,
Mā Bhagavatī,Ma Bhagavati,added 13.04.24,,
mada,mada,,,
Madana-mohana,Madana-mohana,,,
Mādhava,Madhava,,,
Madhu,Madhu,,,
Madhurakavi Āḻvār,Madhurakavi Alvar,,,
mādhurya-bhāva,madhurya-bhava,,,
Madhusūdana,Madhusudana,,,
"Madhvācārya, Śrī","Madhvacharya, Sri",,,
Madhya Pradesh,Madhya Pradesh,added 31.01.26,,
madhya-līlā,madhya-lila,added 25.04.24,,
madhyama-adhikārī,madhyama-adhikari ,,,
Mādrī,Madri,,,
Madurai,Madurai,,,
Mahā Śivarātri,Maha Shivaratri,,,
mahā-abhiṣekam,maha-abhishekam,,,
mahā-bhāva,maha-bhava,,,
Mahā-devī,Maha-devi,,,
Mahā-Gaurī,Maha-Gauri,,,
Mahā-Kalī,Maha-Kali,,,
Mahā-Lakṣmī,Maha-Lakshmi,,,
Mahā-Lakṣmī Yajña,Maha-Lakshmi Yajna,as Event name,,
Mahā-Lakṣmī-pūjā,Maha-Lakshmi-puja,,,
mahā-mantra,maha-mantra,,,
Mahā-māyā,Maha-maya,as personality,,
mahā-māyā,maha-maya,in other usages,,
Mahā-mṛtyuṁjaya-mantra,Maha-mrityumjaya-mantra,,,
Mahā-Nārāyaṇa Upaniṣad,Maha-Narayana Upanishad,added 16.04.24,,
mahā-pralaya,maha-pralaya,added 21.06.23,,
Mahā-prasāda,Maha-prasad,,,
Mahā-purāṇas,Maha-puranas,,,
mahā-puruṣa(s),maha-purusha,,,
Mahā-rāsa,Maha-rasa,,,
Mahā-śakti,Maha-shakti,,,
mahā-samādhi,maha-samadhi,,,
Mahā-Sudarśana,Maha-Sudarshana,,,
mahā-sudarśana-mantra,maha-sudarshana-mantra,,,
mahā-sudarśana-mula-mantra,maha-sudarshana- mula-mantra,,,
mahā-vākyas,maha-vakyas,added 18.04.24,,
Mahā-Viṣṇu,Maha-Vishnu,,,
Mahā-Viṣṇuloka,Maha-Vishnuloka,,,
mahā-viśvāsa ,maha-vishvasa,added 11.04.24,,
Mahā-yogī,Maha-yogi,,,
mahā-yuga,maha-yuga,lowercase 19.06.23,,
Mahābhārata,Mahabharata,,,
Mahādeva,Mahadeva,,,
Mahāmaṇḍaleśvara,Mahamandaleshvara,,,
Mahāpūrṇa,Mahapurna,,,
Mahārāja,Maharaj,,,
Mahārāja Nimi,Maharaja Nimi,,,
Mahārāṣṭra,Maharashtra,30.05 changed from Maharashtra,,
maharṣi,maharshi,added 20.03.24,,
Mahat,Mahat,,,
Mahat-tattva,Mahat-tattva,,,
mahātmā(s),mahatma(s),,,
mahāvākya,mahavakya,,,
Mahāvatāra Bābājī,Mahavatar Babaji,"added ī 19.06.23, -a 09.08.23",,
Mahāvatāra Kriyā Bābājī,Mahavatar Kriya Babaji,"added ī 19.06.23, -a 09.08.23",,
Māheśa,Mahesha,added 23.04.24,,
Māheśvara,Maheshwara,,,
Mahiṣāsura,Mahishasura,,,
Mainaka,Maināka,added 16.12.24,,
Maitreya,Maitreya,,,
Makara,Makara,,,
makāra,makara,,,
mākhana,makhan,,,
mālā,mala,,,
Mālādhara,Maladhara,,,
Malayācala,Malayachala,,,
mālinī-mantra,malini-mantra,,,
mamakāra,mamakara,,,
māna-prema,mana-prema,,,
manas,manas,,,
mānasa-pūjā,manasa-puja,,,
mandira(s),mandir(s),,,
Mandodarī,Mandodari,,,
Maṅgalā-Rūpiṇi,Mangala-Rupini,,,
Mani-puṣpaka,Mani-pushpaka,,,
Maṇigrīva,Manigriva ,,,
maṇipūra-cakra,manipura-chakra,,,
mañjīra(s),manjira(s),added 15.06.23,,
manmanā bhava mad-bhakto mad yājī māṁ namas kuru | mām evaiṣyasi satyaṁ te pratijāne priyo’si me || ,manmana bhava mad-bhakto mad yaji mam namas kuru mam evaishyasi satyan te pratijane priyo’si me ,added 03.08.23,,
Mantharā,Manthara,updated 20.10.23,,
mantra,mantra ,,,
Manu(s),Manu(s),,,
Manusmṛti,Manusmriti,,,
manuṣya,manushya,,,
manvantara,manvantara,,,
Marāṭhī,Marathi,,,
mārgaśīrṣa,margashirsha,,,
Mārīca,Maricha ,,,
Marīci,Marichi,,,
Mārkaṇḍeya,Markandeya,,,
Mārkaṇḍeya Purāṇa,Markandeya Purana,,,
Maruts,Maruts,,,
maryāda-puruṣottama,maryada-purushottama,,,
Mātā,Mata,,,
Mātājī,Mataji ,sister of Mahāvatār Bābājī,,
mātājī(s),mataji(s),,,
"Mātaṅga, Sage","Matanga, Sage",,,
māṭha(s),math(s),lowercase 15.06.23,,
Mathurā,Mathura,,,
Mātṛkā,Matrika,,,
Mātṛkā-pūjā,Matrika-puja,,,
mātsarya,matsarya,,,
Matsyāvātara,Matsyavatar,,,
Matsyendranāth,Matsyendranath,,,
mauna,mauna,added 26.01.24,,
Mauna Bābā,Mauna Baba,added 26.01.24,,
mauna-guru,mauna-guru,added 26.01.24,,
Māyā,Maya,as personality,,
māyā,maya,in other usages,,
Mayāsura,Mayasura,,,
Māyāvatī,Mayavati ,,,
māyāvī,mayavi,,,
Meghaśyāma,Meghaśyāma,,,
Meru-devī,Meru-devi,,,
Mīmāṁsā,Mimamsa,,,
Mīrābāī,Mirabai,,,
Mithilā,Mithila,,,
Mitra,Mitra,,,
mitra-bhāva,mitra-bhava,,,
Mohinī,Mohini,,,
Mohinī-avatāra,Mohini-avatara,,,
mokṣa,moksha,,,
Mokṣa-sannyāsa-yoga,Moksha-sannyasa-yoga,,,
Mount Kailāśa,Mount Kailash,,,
Mount Malaya,Mount Malaya,,,
Mount Meru,Mount Meru,,,
mṛdaṅga,mridanga,,,
Mṛtyum-bageśvara,Mrityum-bageshwara,,,
Mṛtyuṁjaya,Mrityumjaya,,,
Mucukunda,Muchukunda,,,
mudrā,mudra,,,
mukha,mukha,,,
mukhavāsaṁ,mukhavasam,,,
mukhyāvatāra,mukhyavatar,,,
mukhya-bhakti,mukhya-bhakti,,,
mukta,mukta,,,
mukta-jīva,mukta-jiva,,,
Muktabāī,Muktabai,added 09.10.23,,
mukti,mukti,,,
Mukunda,Mukunda,,,
Mukunda-mālā(-stotram),Mukunda-mala(-stotram),,,
mūlādhāra,muladhara,,,
mūlādhāra-cakra,muladhara-chakra,,,
mūlasthānam,mulasthanam,updated 17.08.23,,
Muṇḍa,Munda,,,
Muṇḍaka Upaniṣad,Mundaka Upanishad,added 11.06.24,,
muni,muni,,,
munimji,munimji,,,
Mura,Mura ,,,
Murāri,Murari,,,
mūrti-pūjā,murti-puja,,,
mūrti(s),murti(s),,,
Muruga,Muruga,,,
Muṣṭika,Mustika,,,
Nābhi,Nabhi,,,
Nācciyār Tirumoḷi,Nacciyar Tirumoli,,,
nāda,nada,,,
nāda-kriyā,nada-kriya,,,
nāḍi,nadi,,,
Nādiyā,Nadiya,added 25.04.24,region in West Bengal,
nāga,naga,added 12.12.23,,
nāgara-kīrtana,nagara-kirtan,added 04.06.23,,
Nāgarāja,Nagaraja,,,
nāgas,nagas,lowercase 14.12.23,,
Naimiṣāraṇya,Naimisharanya,,,
naivedyam,naivedyam,,,
nakṣatra,nakshatra,,,
Nakula,Nakula,,,
Nalakūvara,Nalakuvara ,,,
Nālāyira-divya-prabandham,Nalayira-divya-prabandham,,,
nāma,nama,lowercase 06.07.23,,
nāma-aparādha,nama-aparadha,lowercase 08.08.23,,
nāma-japa(m),nama-japa(m),,,
nāma-kīrtana,nama-kirtan,lowercase 08.08.23,,
nāma-smaraṇa,nama-smarana,lowercase 08.08.23,,
namaḥ,namah,,,
namāmi nārāyaṇa-pāda-paṅkajaṁ karomi nārāyaṇa-pūjanaṁ sadā | vadāmi nārāyaṇa-nāma nirmalaṁ smarāmi nārāyaṇa-tattvam avyayam ||,namami narayana-pada-pankajam karomi narayana-pujanam sada vadami narayana-nama nirmalaṁ smarami narayana-tattvam avyayam,added 03.08.23,,
namaskāra,namaskar,,,
namaste,namaste,,,
Nāmdev,Namdev,,,
Nammāḻvār,Nammalvar,,,
Nanda,Nanda,,,
Nandaka,Nandaka,,,
Nandi,Nandi,added 30.10.23,,
Nara and Nārāyaṇa,Nara and Narayana,,,
Nārada,Narada,,,
Nārada Muni,Narada Muni,-muni to Muni 25.07.23,,
Nārada-bhakti-sūtra,Narada-bhakti-sutra,added 10.08.23,,
Narakāsura,Narakasura,,,
Narasiṁha,Narasimha,updated 05.09.23,,
Narasiṁha Caturdaśī,Narasimha Chaturdashi,,,
Narasiṁha Purāṇa,Narasimha Purana,,,
Narasiṁhāvātara,Narasimhavatar,,,
Narasiṁha-gāyatrī-mantra,Narasimha-gayatri-mantra,,,
Narasiṁha-kavaca,Narasimha-kavacha,,,
Narasiṁha-mahā-mantra,Narasimha-maha-mantra,,,
Narasiṁhadeva,Narasimhadeva,,,
Nārāyaṇa,Narayana,,,
Nārāyaṇa-kavaca,Narayana-kavacha,,,
Nārāyaṇa-pādam,Narayana-padam,,,
Nārāyaṇa-svarūpa,Narayana-svarupa,,,
Nārāyaṇa-tattva,Narayana-tattva,,,
Nārāyaṇāstra,Narayanastra,,,
Nārāyaṇi-senā,Narayani-sena,,,
Narmadā,Narmada,,,
Narsinh Mehta,Narsinh Mehta,,,
Nāśik,Nashik,added 15.06.23,,
nāstika,nastika,,,
Naṭarāja,Nataraja,,,
Nātha,Natha,,,
Nāthamuni,Nathamuni,,,
navadhā-bhakti,navadha-bhakti,lowercase 12.09.23,,
Navadvīpa,Navadwip,,,
Navagraha,Navagraha,,,
navagraha-pūjā,navagraha-puja,,,
Navarātri,Navaratri,,,
Nāyanārs,Nayanars,,,
Nidhivan,Nidhivan,,,
Nigarbha-yoginī,Nigarbha-yogini,,,
Nīla-devī,Nīla-devi,,,
Nīlakaṇṭha,Nilakantha,,,
Nimāi,Nimai,added 25.04.24,childhood name of Caitanya,
"Nimbārkācārya, Śrī","Nimbarkacharya, Sri",,,
Nīrājanam,Nirajanam,,,
nirguṇa,nirguna,,,
nirguṇa Brahman,nirguna Brahman,changed from nirguṇa-Brahman 20.07.23,,
Nirmohi Akhāra,Nirmohi Akhara,,,
nirvāṇa,nirvana,,,
nirvikalpa-samādhi,nirvikalpa-samadhi,,,
nirviśeṣa,nirvishesha,,,
niṣkāmya-bhakti,nishkamya-bhakti,,,
niṣṭhā,nishtha,,,
Niśumbha,Nishumbha,,,
Nitya-devīs,Nitya-devis,,,
nitya-kala,nitya-kala,,,
nitya-sūris,nitya-suris,cast in lowercase 16.06.23,,
Nityānanda Prabhu ,Nityananda Prabhu,,,
Nivṛttinātha,Nivrittinatha,added 09.10.23,,
niyama,niyama,,,
niyantraṇa,niyantrana,,,
Nṛsiṁhadeva,Nrsimhadeva,30.05 changed from Nṛsingadeva,,
nyāsa,nyasa,,,
Nyāya,Nyaya,update 07.10.23,,
nyāyayikas,nyayayikas,added 12.02.24,,
Oḍiśā,Odisha,,,
oṁ,om,,,
oṁ bhūr bhuvaḥ svaḥ tat savitur vareṇyaṃ bhargo devasya dhīmahi dhiyo yo naḥ pracodayāt,om bhur bhuva svaha tat savitur varenyam bhargo devasya dhimahi dhiyo yo nah pracodayat,added 24.08.23,,
OM Chanting,OM Chanting,,,
oṁ keśavāya namaḥ,om keshavaya namah,added 03.08.23,,
oṁ mahā-lakṣmyai namaḥ,om maha-lakshmyai namah,added 03.08.23,,
oṁ mahāvatārāya vidmahe jagadgurudevāya dhīmahi tanno bābājī pracodayāt,om mahavataraya vidmahe jagadgurudevaya dhimahi tanno babaji pracodayat,added 03.08.23,,
oṁ namaḥ śivāya,om namah shivaya,,,
oṁ namo bhagavate vāsudevāya,om namo bhagavate vasudevaya,,,
oṁ namo nārāyaṇāya,om namo narayanaya,,,
oṁ paramahaṁsa śrī svāmī viśvānandāya namaḥ ,om paramahamsa sri svami vishwanandaya namah ,,,
oṁ premāvatārāya vidmahe sadgurudevāya dhīmahi tanno viśvānandaḥ pracodayāt,om premavataraya vidmahe sadgurudevaya dhimahi tanno vishvananda pracodayat,added 03.08.23,,
oṁ śrī gurubhyo namaḥ,om sri gurubhyo namah,added 03.08.23,,
oṁ śrī tulasī-devyai namaḥ,om sri tulasi-devyai namah,added 03.08.23,,
oṁ tat sat,om tat sat,,,
oṁkāra,omkara,,,
Pāda-pūjā,Pada-puja,,,
pādam,padam,,,
pādasevā(-bhakti),padaseva(-bhakti),added 14.09.23,,
Padma,Padma,,,
Padma Purāṇa,Padma Purana,,,
Padmā Saṁhitā,Padma Samhita,,,
Padmasaṁbhava,Padmasambhava,,,
pādukā(s),paduka,,,
pādyam,padyam,,,
Pānars,Panars,,,
pañca,pancha,,,
pañca-bhūta,pancha-bhuta ,,,
pañca-Pāṇḍava,pancha-Pandavas,,,
pañca-saṃskāra,pañca-saṃskāra,,,
Pañca-tattva,Pancha-tattva ,"when referring to Caitanya, Nityānanda, Advaitācārya and their associates ",,
pañca-tattva,pancha-tattva ,when referring to the five elements of prakṛti,,
pañcadaśākṣarī-mantra,panchadashakshari-mantra,,,
Pañcajanī,Panchajani ,,,
Pāñcajanya,Panchajanya,italics 31.01.24,,
Pāñcālī,Panchali,,,
pañcaloha,panchaloha,added 26.09.23,,
pañcāmṛta,panchamrita,,,
pañcānga,panchanga,,,
Pañcarātra (Āgamas),Pancharatra (Agamas),updated 07.10.23,,
Pāṇḍava Gītā,Pandava Gita,,,
Pāṇḍavas,Pandavas,,,
Paṇḍharpur,Pandharpur,,,
paṇḍit,pandit,,,
Pāṇḍu,Pandu,,,
Pāṇḍuraṅga,Panduranga,,,
Pāṇḍuranga-māhātmya,Panduranga-mahatmya,,,
pānīyaṁ,paniyam,,,
Pañjāb,Punjab,added 16.06.23,,
panjābī,punjabi,added 16.06.23,,
pantha,pantha,added 07.10.23,,
pāpa,papa,,,
pāpam,papam,,,
parā-bhakti,para-bhakti,,,
parā-prakṛti,para-prakriti,,,
Para-Puruṣa,Para-Purusha,,,
Parā-śakti,Para-shakti,,,
Para-Vāsudeva,Para-Vasudeva,,,
parā-vidyā,para-vidya,,,
Parabrahman,Parabrahman,updated 22.02.24,,
param-dharma,param-dharma,,,
param-mukti,param-mukti,,,
parama-bhakti,parama-bhakti,,,
Paramā-śakti,Parama-shakti,,,
paramahaṁsa,paramahamsa,02.02.24 when referring to the title outside of a particular name,,
Paramahamsa Sri Swami Vishwananda,Paramahamsa Sri Swami Vishwananda,,,
Paramapada,Paramapada,updated 22.08.2024,,
Paramātmā,Paramatma,,,
parameṣṭhi-guru,parameshthi-guru,,,
Parameśvarī,Parameshvari,,,
paramguru,paramguru,,,
paramparā,parampara,,,
paramparam-mantra,paramparam-mantra,,,
Paranitya Narasiṁha,Paranitya Narasimha,,,
Parantapa,Parantapa,,,
Parāśara,Parashara,,,
Parāśara Bhaṭṭa,Parashara Bhatta,,,
Paraśurāma,Parashurama,,,
Paraśurāmāvatāra,Parashuramavatar,,,
Paraśurāma-kṣetra,Parashurama-kshetra,,,
parātparā-guru,paratpara-guru,,,
parikara-kīrtana,parikara-kirtan,,,
parikrama,parikrama,,,
Parīkṣit,Parikshit,,,
Parjanya,Parjanya,,,
Pārtha,Partha,,,
Pārvatī,Parvati,,,
Pātāla,Patala,,,
Pātālaloka,Patalaloka,,,
Patañjali,Patanjali ,,,
pati-bhikṣā,pati-bhiksha,added 25.04.24,,
Pauṇḍra,Paundra,,,
payaḥ-snānam,payah-snanam,,,
pāyasa,payasa,25.05,,
Periyāḻvār,Periyalvar,added 10.06.23,,
Perumal Thirumozhi,Perumal Thirumoli,added 20.06.24,,
Peyi Āḻvār,Pei Alvar,updated to Peyi 10.06.23,,
phala-bhakti,phala-bhakti,,,
phalaśrutiḥ,phalashruti,,,
pīḍa-arcana,pida-archana,,,
Pillai Lokācārya,Pillai Lokacharya,,,
piṇḍa,pinda,,,
Piṅgalā,Pingala ,(personality mentioned in Bhāgavatam),,
piṅgalā(-nāḍi),pingala(-nadi),updated 30.08.23,,
pīṭha,pitha,,,
pitṛ devo bhava,pitri devo bhava,,,
Pitṛ Pakṣa,Pitra Paksha ,,,
pitṛ-pakṣa,pitra-paksha ,,,
pitṛ(s),pitri(s),,,
plodhaṁ ,plodham,,,
Poygai Āḻvār,Poygai Alvar,added 10.06.23,,
Prabhu,Prabhu,,,
prabhu ,prabhu ,,,
Prācīnabarhiṣat,Prachinabarhisat,,,
pracodayāt,prachodayat,,,
pradakṣiṇa,pradakshina,,,
prādurbhāvantara(s),pradurbhavantara(s),,,
Pradyumna,Pradyumna,,,
Prahlāda,Prahlad,,,
Prahlāda Mahārāja,Prahlad Maharaj,,,
Prajāpati,Prajapati,,,
prajñānam brahma,prajnanam brahma,,,
prakṛti,prakriti,,,
prakṛti-līlā,prakriti-lila,added 11.07.23,,
Pralambāsura,Pralambasura,,,
pralaya,pralaya,,,
pramāṇa(s),pramana(s),,,
prāṇa,prana,,,
prāṇa-pratiṣṭhā,prana-pratishtha,,,
prāṇa-śakti,prana-shakti,,,
pranām-mudrā,pranam-mudra,,,
praṇāma-mantra(s),pranama-mantra(s),added ṇa 03.06.2023,,
praṇava,pranava,,,
praṇaya-prema,pranaya-prema,,,
prāṇāyāma,pranayama,,,
prapatti,prapatti,,,
Prāpti,Prapti ,,,
prārabdha-karma,prarabdha-karma,,,
prasāda,prasad,,,
Prasena,Prasena,,,
prasthānatrayī,prasthanatrayi ,,,
prātaḥ-smaraṇam,pratah-smaranam,,,
prātikūlya-varjanam,pratikulya-varjanam,added 11.04.24,,
Prativindhya,Prativindhya,,,
pratyāhāra,pratyahara ,,,
pratyakṣa,pratyaksha,added 07.10.23,,
Pratyaṅgirā-devī,Pratyangira-devi,,,
prayāg,prayag,,,
prema,prema,lowercase ,,
prema-bhakti,prema-bhakti,,,
premānanda,premananda,,,
Premāvātara,Premavatar,,,
preya,preya,added 19.03.26,,
pṛthivī,prithivi,added 23.04.24,,
Pṛthu,Prithu,,,
Pṛthvī,Prithvi,,,
Pṛyavrata,Priyavrata,,,
pūjā,puja,,,
pūjārī(ṇī)(s),pujari(ni)(s),,,
Pulaha,Pulaha,,,
Pulastya,Pulastya,,,
Puṇḍalika,Pundalik,,,
Puṇe,Pune,added 30.05.24,,
puṇya,punya,,,
Purāṇa(s),Purana(s),,,
Puranic,Puranic,25.05,,
Purañjana,Puranjana,,,
Purañjanī,Puranjani,,,
Purī,Puri,added 03.02.24,,
pūrṇāvatāra,purnavatar,,,
Pūrṇa-Brahman,Purna-Brahman,,,
pūrṇā-huti,purna-huti,,,
pūrṇā-kalaśa,purna-kalasha,,,
pūrṇā-kumbha,purna-kumbha,,,
purṇimā,purnima,,,
Purujit,Purujit,,,
Puruṣa,Purusha,when referring to the Lord,,
puruṣa,purusha,when referring to the ātmā,,
Puruṣa-sūktam,Purusha-suktam,,,
puruṣārtha,purushartha,,,
Puruṣottama,Purushottama,,,
Puruṣottama-yoga,Purushottama-yoga,,,
Pūrva-Mīmāṁsā,Purva-Mimamsa,,,
pūrva-pakṣa,purva-paksha,added 07.10.23,,
Pūṣā,Pusha,,,
puṣpa,pushpam,,,
Pūtanā,Putana,,,
Puṭṭaparti,Puttaparthi,,,
Rādhā-Durgā,Radha-Durga,,,
Rādhā-Kṛṣṇa,Radha-Krishna,,,
Rādhā-kuṇḍa,Radha-kunda,,,
Rādhā-praṇāma,Radha-pranama,,,
Rādhā-ramaṇa,Radha-ramana,,,
"Rādhā, Śrī","Radha, Sri",,,
"Rādhārānī, Śrī","Radharani, Sri",,,
Rādhāṣṭamī,Radhashtami,,,
Rādhe,Radhe,,,
Rādheya,Radheya,,,
rāga,raga,,,
rāga-prema,raga-prema,,,
rāgātmikā-bhakti,ragatmika-bhakti,,,
Rāghavendra Svāmī,Raghavendra Swami,,,
"Raghunātha Bhaṭṭa Gosvāmī, Śrī","Raghunatha Bhatta Goswami, Sri",,,
rahasya-traya-mantras ,rahasya-traya-mantras ,double hyphen 06.03.24,,
Rāhu,Rahu,,,
Rāhu-kāla,Rahu-kala,,,
rāja,raja,,,
raja-guṇa,raja-guna,,,
Rāja-vidyā-guhya-yoga,Raja-vidya-guhya-yoga,,,
rāja-yoga,raja-yoga,,,
rājarṣi,rajarshi,added 09.11.23,,
rajas,rajas,,,
rajasic,rajasic,,,
Rajasthān,Rajasthan,added ā 04.06.23,,
rājasūya-yajña,rajasuya-yajna,,,
rājopacāra,rajopachara,,,
Rājput,Rajput,added 16.05.24,,
Rakṣā Bandhan,Raksha Bandhan,,,
Rākṣasa(s),Rakshasa(s),,,
Raktabīja,Raktabija,,,
Rāma,Rama ,,,
Rāma Janma,Rama Janma,,,
Rāma Nāma,Ram Nam,,,
Rāma Navamī,Rama Navami,,,
Rāma-līlā,Rama-lila,,,
Rāmacandra,Ramachandra,,,
Rāmacaritamānasa,Ramacharitamanas,,,
"Rāmadāsu, Śrī","Ramadasu, Sri ",added ,,
"Rāmakṛṣṇa, Śrī","Ramakrishna, Sri",,,
rāmānandī(s),ramanandi(s),added 31.01.26,,
"Rāmānujācārya, Śrī","Ramanujacharya, Sri",,,
Rāmāyaṇa,Ramayana,,,
"Raṅganātha, Śrī ","Ranganath, Sri",,,
rāsa,rasa,,,
Rāsa-līlā,Rasa-lila,,,
rasgulla,rasgulla,added 09.12.25,,
Rati,Rati,,,
Ratnākara,Ratnakara,,,
Ratnāvalī,Ratnavali,,,
Rāvaṇa,Ravana,,,
Ṛg Veda,Rig Veda,,,
Rishi/ka,Rishi/ka,in context of BM spiritual order,,
ṛṇānubandhana,rinanubandhana,,,
Rohiṇī,Rohini ,,,
Rohiṇī-nakṣatra,Rohini-nakshatra,,,
Ṛṣabhadeva,Rishabhadeva,,,
ṛṣi(s),rishi(s),outside of BM spiritual order,,
Ṛṣikeś,Rishikesh,added 05.06.23,,
Rudra,Rudra,,,
rudraksha,rudraksha,,, 
Rudras,Rudras,,,
Rukmī,Rukmi ,,,
Rukmiṇī,Rukmini,,,
"Rūpa Gosvāmī, Śrī","Rupa Goswami, Sri",,,
rūpa-kīrtana ,rupa-kirtan,,,
rūpaṁ,rupam,,,
rūpātītaṁ,rupatitam,,,
Śabarī,Shabari,,,
Śabarī-devī,Shabari-devi,,,
śabda,shabda,,,
Sabse Ūnchī Prema Sagāī,Sabse Unchi Prema Sagai,,,
Śacī-devī,Shachi-devi,,,
ṣaḍ-darśana,sad-darshana,,,
Sadāśiva,Sadashiva,,,
ṣaḍbhuja-murtī,shadbhuja-murti,added 18.01.24,,
sādhaka,sadhaka ,,,
sādhana,sadhana,,,
sādhana-bhakti,sadhana-bhakti,,,
sādhana-dharma,sadhana-dharma,,,
sādhu,sadhu,,,
Sādhyas,Sadhyas,,,
saguṇa,saguna,,,
saguṇa Brahman,saguna Brahman,changed 21.10.23,,
saguṇa-śrutis,saguna-shrutis,,,
Sahadeva,Sahadeva,,,
Sāhasrakavaca,Sahasrakavacha,,,
sahasrāra,sahasrara ,,,
sahasrāra-cakra,sahasrara-chakra ,,,
Śaibyā,Shaibya,,,
Śailaputrī,Shailaputri,,,
Śaivite(s),Shaivite(s),,,
sakāma-bhakti,sakama-bhakti,,,
Śakaṭāsura,Shakatasura,,,
śākhās,shakhas,,,
Sakhubāī,Sakhubai,,,
sakhya-bhakti,sakhya-bhakti,,,
sakhya-bhāva,sakhya-bhava,,,
Śāktas ,Shaktas,,,
Śakti,Shakti ,when referring to Divine Mother,,
śakti,shakti ,attribute of the Lord,,
Śakti-pīṭha(s),Shakti-pitha(s),,,
śaktipāta,shaktipat,lower-case 10.08.23,,
Śāktism,Shaktism,25.05,,
Śakuni,Shakuni,,,
Śāligrāma,Shaligrama,,,
Śāligrāma-śilā,Shaligrama-shila,updated 03.08.23,,
Sāma Veda,Sama Veda,,,
sama-darśina ,sama-darshina ,,,
samādhi,samadhi,,,
samarpayāmi,samarpayami,,,
Samarth Rāmadās,Samarth Ramadas,added 14.09.23,,
samatva-yoga,samatva-yoga,,,
Sāmba,Samba,,,
Śambarasura,Shambarasura,,,
saṁhāra,samhara,,,
Saṁhitās,Samhitas,,,
Śamīka Ṛṣi,"Shamika, Rishi",,,
sampradāya,sampradaya(s) ,,,
sampradāya-yoginī,sampradaya-yogini,,,
saṁsāra,samsara,,,
saṁskāras,samskaras,,,
samudra-manthana,samudra-manthana,added 12.12.23,,
Samudra(dev),Samudra(dev),,,
saṁvartaka,samvartaka ,,,
Sanaka,Sanaka ,,,
Sanandana,Sanandana ,,,
Sanat-kumāra,Sanat-kumara ,,,
Sanātana,Sanatana ,,,
"Sanātana Gosvāmī, Śrī","Sanatana Goswami, Sri",,,
Sanātana-dharma,Sanatana-dharma,,,
Sanātana-Lakṣmī,Sanatana-Lakshmi,added 31.01.24,,
sañcita-karma,sanchita-karma,,,
Sandarbha,Sandarbha,added 06.06.23,,
Sandhinī-śakti ,Sandhini-shakti ,,,
sandhyā-vandanam,sandhya-vandanam,,,
Śāṇḍilya,Shandilya,,,
Śāṇḍilya-bhakti-sūtra,Shandilya-bhakti-sutra,,,
Sāṅdīpanī ,Sandipani,,,
saṅgha,sangha,,,
Śani-kāla,Shani-kala,,,
Śani(dev),Shani(dev),,,
Sanjaya,Sanjaya,,,
sanjīvanī,sanjivani,,,
saṅkalpa,sankalpa,,,
Śaṅkara,Shankara,,,
Saṅkarṣaṇa ,Sankarshana,,,
śaṅkha,shanka,corrected from śaṅkā 03.08.23,,
Śaṅkha,Shankha,,,
Śaṅkhacūḍa,Shankhachuda ,,,
Sāṅkhya,Sankhya,,,
Sāṅkhya-yoga,Sankhya-yoga,,,
Sāṅkhya-yogī(s),Sankhya-yogi(s),,,
saṅkīrtana,sankirtan,,,
sannihita-mudrā,sannihita-mudra,,,
sanniruddha-mudrā,sanniruddha-mudra,,,
sannyāsa,sannyasa,,,
sannyāsī(s),sannyasi(s),,,
śānta-bhāva,shanta-bhava,,,
śānti,shanti,,,
śānti-mantra,shanti-mantra,,,
sapta,sapta,,,
sapta-chanda ,sapta-chanda ,added 03.06.23,,
saptarṣi(s),saptarshi(s),added 12.12.23,,
Śārada Pīṭha,Sharada Pitha,,,
Śārada-devī,Sharada-devi,,,
śaraṇāgata,sharanagata,,,
śaraṇāgati,sharanagati,,,
Śaraṇāgatī-gadyam,Sharanagati-gadyam,,,
Sarasvatī,Sarasvati,,,
Sarasvatī Pūjā,Sarasvati Puja ,as event name,,
Sarasvatī-devī,Sarasvati-devi,,,
Sarasvatī-pūjā,Sarasvati-puja,,,
Sarasvatī-vandana ,Sarasvati-vandana ,added 14.07.23,,
sārī,sari,,,
śarkarā,sharkara,,,
sarva dharmān parityajya mām ekaṁ śaraṇaṁ vraja | ahaṁ tvā sarva-pāpebhyo mokṣayiṣyāmi mā śucaḥ ||,sarva dharman parityajya mam ekam sharanam vraja | aham tva sarva-papebhyo mokshayishyami ma shucah ||,added 03.08.23,,
sarva-aśāparipūraka-cakra,sarva-ashaparipuraka-chakra,,,
sarva-rakṣaka-cakra,sarva-rakshakara-chakra,,,
sarva-rogahara-cakra,sarva-rogahara-chakra,,,
sarva-saṅkṣobhaṇa-cakra,sarva-sankshobhana-chakra,,,
sarva-saubhāgya-dāyaka-cakra,sarva-saubhagya-dayaka-chakra,,,
sarva-siddhi-prada-cakra,sarva-siddhi-prada-chakra,,,
sarvaṁ khalvidam brahma,sarvam khalvidam brahma,added 05.09.23,,
Śaśī,Shashi,,,
sāṣṭānga,sashtanga,,,
śāstra(s),shastra(s),lowercase 04.07.23,,
sat,sat,,,
Ṣaṭ Sandarbhas ,Shat Sandarbhas,added 31.01.26,,
sat-cit-ānanda,satchitananda,,,
Satagopan,Satagopan,added 23.04.24,,
Śatānīka,Shatanika,,,
Śatarūpā,Shatarupa,,,
satguru,satguru,,,
satī,sati ,,,
Satī,Sati ,,,
Satrājit,Satrajit,,,
Śatrughna,Shatrughna,,,
Satsang(s),Satsang(s),as a BM event,,
satsaṅga,satsang ,,,
satsaṅgs,satsangs,added 16.06.23,,
sattva,sattva,,,
sattva-guṇa,sattva-guna,,,
sattvic,sattvic,,,
sāttvika-bhāva(s),sattvika-bhava(s),,,
satya,satya,,,
Satya-yuga,Satya-yuga,,,
Satyabhāmā,Satyabhama,,,
Sātyaki,Satyaki,,,
Satyaloka,Satyaloka,,,
Satyam,Satyam,,,
Satyavrata,Satyavrata,,,
Saubhāgya-dahinī,Saubhagya-dayini,,,
śauca,shaucha,,,
Śaunaka,Shaunaka,,,
Saundarya-laharī,Saundarya-lahari,,,
Sāvatā Mālī,Savata Mali,,,
saviśeṣa,savishesha,,,
Sāvitrī,Savitri,,,
Śayana-āratī,Shayan-arati,,,
śeṣa,shesha,,,
Śeṣa,Shesha,,,
Śeṣanāga,Sheshanaga,,,
śeṣī,sheshin,,,
sevā,seva,,,
Shree Peetha Nilaya,Shree Peetha Nilaya,,,
siddha-pīṭha(s),siddha-pitha(s),,,
siddha-puruṣa(s),siddha-purusha(s),,,
siddhānta(s),siddhanta(s),,,
Siddhārtha Gautama,Siddhartha Gautama,,,
siddha(s),siddha(s),,,
siddhi(s),siddhi(s),,,
Siddhidātrī,Siddhidatri,,,
śikhā,shikha,,,
Śikhaṇḍī,Shikhandi,,,
Śikhaṇḍinī,Shikhandini,,,
śikṣā,shiksha,as instruction in a general context,,
Śikṣā,Shiksha,added 18.04.24,one of the Vedāṅgas,
śikṣā-guru,shiksha-guru,,,
"Śikṣāṣṭakam, Śrī","Shikshashtakam, Sri  ",,,
śilā,shila,updated 03.08.23,,
Siṁhācalam,Simhachalam,added 12.09.23,,
simhāsana,simhasana,added 09.12.25,,
Sindhu,Sindhu,,,
sindūra,sindur,,,
"Śirḍī Sāī Bābā, Śrī ","Shirdi Sai Baba, Sri",correct IAST 10.08.23,,
Śiśupāla,Shishupala,,,
śiṣya,shishya,,,
śiṣya-guru,shishya-guru,,,
Sītā,Sita,,,
Śiva Purāṇa,Shiva Purana,,,
Śiva-dhanuṣa,Shiva-dhanusha ,,,
Śiva-liṅgam,Shiva-lingam,,,
Śiva-Śakti,Shiva-Shakti,,,
"Śiva, Lord","Shiva, Lord",,,
Śivaloka,Shivaloka,,,
Śivarātri,Shivaratri,,,
śivo’ham,shivoham,,,
Skanda,Skanda,,,
Skanda Purāṇa,Skanda Purana,,,
Skanda-Mātā,Skanda-Mata,,,
śloka(s),shloka(s),,,
smaraṇa,smarana,,,
smaraṇa-bhakti,smarana-bhakti,,,
Smārta Sampradāya,Smarta Sampradaya,,,
Smṛti(s),Smriti(s),italics 15.09.23,,
sneha-prema,sneha-prema,,,
so’ham,so'ham,,,
ṣoḍaśākṣarī-mantra,shodashakshari-mantra,,,
Soma,Soma,,,
soma,soma,,,
Somadatta,Somadatta,,,
Sopāna,Sopana,added 09.10.23,,
śraddhā,shraddha,,,
śrāddha(-pūjā),shraddha(-puja),,,
Śraddhātraya-vibhāga-yoga,Shraddhatraya-vibhaga-yoga,,,
śravaṇa,shravana,,,
śravaṇa-bhakti,shravana-bhakti,,,
śreya,shreya,added 19.03.26,,
Śrī,Sri,as Devī,,
Śrī Bhāṣya,Sri Bhashya,,,
Śrī Guru Gītā,Sri Guru Gita,,,
Śrī Guru-stotram,Sri Guru-stotram,,,
Śrī Hari,Sri Hari,,,
Śrī Kṛṣṇa,Sri Krishna,,,
Śrī Kṛṣṇa-suprabhatam,Sri Krishna-suprabhatam,,,
Śrī Narasiṁha-kavaca,Sri Narasimha-kavacha,,,
Śrī Narasiṁha-praṇāma,Sri Narasimha-pranama,,,
Śrī Rāmānujācārya Jayantī,Sri Ramanujacharya Jayanti,,,
Śrī Śailapūrṇa,Sri Shailapurna,,,
Śrī Sampradāya,Sri Sampradaya,,,
Śrī Vaiṣṇava ācārya(s) ,Sri Vaishnava acharya(s),,,
Śrī Vaiṣṇava rahasya-traya-mantras,Sri Vaishnava rahasya-traya-mantras,,,
Śrī Vaiṣṇava Sampradāya,Sri Vaishnava Sampradāya,,,
Śri Vaiṣṇava ūrdhva-puṇḍra,Sri Vaishnava ūrdhva -puṇḍra,,,
Śrī Vaiṣṇava(s),Sri Vaishnava(s),,,
Śrī Vaiṣṇavism,Sri Vaishnavism,,,
Śrī Veda-vyāsa Raṅgarāja Bhaṭṭa Ācārya,Sri Veda-vyasa Rangaraja Bhatta Acharya,changed Bhaṭṭār to Bhaṭṭa 15.06.23 ,,
Śrī Vidyā,Sri Vidya,,,
Sri Vitthal Dham,Sri Vitthal Dham,added 20.07.23,,
Śrī Viṭṭhala Giridhārī Parabrahman,Sri Vitthala Giridhari Parabrahman,as deity,,
śrī viṭṭhala giridhāri parabrahmaṇe namaḥ,sri vitthala giridhari parabrahmane namah,,,
Śrī Viṭṭhala-Rukmiṇī Śipiviṣṭa,Sri Vitthala-Rukmini Shipivishta,added 12.09.23,,
Sri Yantra,Sri Yantra,as an event name,,
Śrī-cakra,Sri-chakra,,,
Śrī-devī,Sri-devi,,,
śrī-guru,shri-guru,added 23.04.24,,
Śrī-mātāji,Sri-mataji,,,
śrī-sarva-artha-sādhaka-cakra,sri-sarva-artha-sadhaka-chakra,,,
Śrī-tripura-vāsinī-devī,Sri-tripura-vasini-devi,,,
Śrī-vidyā-mantra,Sri-vidya-mantra,,,
Śrī-Viṣṇusahasranāma,Sri-Vishnusahasranama,,,
Śrī-yantra,Sri-yantra ,,,
Śrīdhara,Sridhara,,,
Śrīmad Bhagavad Gītā,Srimad Bhagavad Gita,,,
Śrīmad Bhāgavatam,Srimad Bhagavatam,,,
Śrīman,Sriman,,,
Śrīman Nārāyaṇa,Sriman Narayana ,,,
śrīman nārāyaṇa caraṇau śaraṇaṁ prapadye śrīmate nārāyaṇāya namaḥ ,sriman narayana charanau sharanam prapadye srimate narayanaya namah,,,
śrīmat parabrahma guruṁ smarāmi śrīmat parabrahma guruṁ vadāmi | śrīmat parabrahma guruṁ namāmi śrīmat parabrahma guruṁ bhajāmi ||,srimat parabrahma gurum smarami srimat parabrahma gurum vadami srimat parabrahma gurum namāmi srimat parabrahma gurum bhajami,added 03.08.23,,
Śrīmatī,Srimati,,,
Śrīmatī Rādhārānī,Srimati Radharani,,,
Śrīnāth(jī),Shrinath(ji),added 18.04.24,,
"Śrīnivāsācārya, Śrī","Srinivasacharya, Sri",,,
Śrīpīṭheśvara,Sripiteshwar,,,
Śrīpīṭheśvarī,Sripiteshwari,,,
Śrīraṅgam,Srirangam,,,
Śrīvāsa Paṇḍita,Shrivas Pandit,added 25.04.24,,
Śrīvatsa,Srivatsa ,,,
Śṛṅgi,Shringi ,,,
sṛṣṭi,srishti,,,
Śrutakarmā,Shrutakarma,,,
Śrutasena,Shrutasena,,,
Śruti(s),Shruti(s),italics 22.10.23,,
Subāhu,Subahu,,,
Subhadrā,Subhadra,,,
Subrahmaṇya(m),Subrahmanya(m),,,
sudakshari-mātṛ-pūjā,sudakshari-matri-puja,,,
Sudāma,Sudama,,,
Sudarśana,Sudarshana,as attribute,,
Sudarśana-cakra,Sudarshana-chakra,,,
Sudarśana-Narasiṁha,Sudarshana-Narasimha,updated 05.09.23,,
śuddha-bhakti,shuddha-bhakti,,,
Śuddhādvaita Vedānta,Shuddhadvaita Vedanta,added 12.02.24,,
śūdra(s),shudra(s),,,
Sughoṣa,Sughosha,,,
Sugrīva,Sugriva,,,
Śuka,Shuka,,,
Śukadeva Gosvāmī,Shukadev Goswami,added 19.03.24,,
Śukadeva(jī),Shukadeva(ji),,,
Śukra,Shukra,,,
Śukrācārya,Shukracharya,,,
Sulabha,Sulabha,,,
Śūlinī-devī,Shulini-devi,,,
Sumati,Sumati,added 09.12.25,,
Śumbha,Shumbha,,,
Sumitrā,Sumitra,,,
Sundarabāhu,Sundarabahu,,,
Sunīti,Suniti ,,,
suprabhātam,suprabhatam,,,
Śūra dynasty,Shura dynasty,,,
Surabhī,Surabhi ,,,
Sūrdās,Surdas,,,
Śūrpanakhā,Shurpanakha,,,
Suruci,Suruchi ,,,
Sūrya-namaskāra,Surya-namaskara,,,
Sūrya-Nārāyaṇa,Surya-Narayana,,,
sūrya-vaṁśa,surya-vamsha,added 12.12.23,,
Sūryadeva,Suryadeva,,,
suṣumṇā(-nāḍi),sushumna(-nadi),updated 30.08.23,,
suṣupti,sushupti,added 05.02.25,,
Susvarā,Suswara,,,
Sūta,Suta,,,
Sutasoma,Sutasoma,,,
sūtra(s),sutra(s),added 10.10.23,,
svabhāva,svabhava,,,
svadharma,svadharma,,,
svādhiṣṭhāna-cakra,svadhishthana-chakra,,,
svādhyāya,swadhyaya,,,
svāhā,swaha,,,
svāmī ,swami,02.02.24 when referring to the title outside of a particular name,,
"Svāmī Viśvānanda, Śrī ","Swami Vishwananda, Sri",,,
svapna,svapna,added 05.02.25,,
Svargadvāra,Swargadwara ,,,
Svargaloka,Swargaloka ,,,
svārtha,swartha,,,
svarūpa,svarupa,,,
svayaṁ-guru,swayam-guru,,,
svayambhū,swayambhu,,,
svayaṃvara,swayamvara,,,
Śvetāśvatara Upaniṣad,Shvetashvatara Upanishad,added 08.06.24,,
Swami/ni,Swami/ni,in context of BM spiritual order,,
Śyāma,Shyama,,,
Śyāma-sundara,Shyama-sundara,,,
Śyāma-Tulsī,Shyama-Tulsi,,,
Syāmānanda,Syamananda,,,
Syamantaka,Syamantaka,,,
Taittirīya Upaniṣad,Taittiriya Upanishad,,,
Takṣaka,Takshaka,,,
tamas,tamas,,,
tamasic,tamasic,,,
Tamiḻ (Nāḍu) ,Tamil (Nadu),,,
tamo-guṇa,tamo-guna,,,
tāṇḍava,tandava,,,
tānpūrā,tanpura,added 16.06.23,,
Tantra ,Tantra ,,,
Tantric,Tantric,added 31.01.26,,
tapa,tapa,,,
tapas,tapas,,,
tapasya,tapasya,,,
tapta-kāñcana-gaurāṅgi rādhe vṛndāvaneśvari | vṛṣabhānu-sute devi praṇamāmi hari-priye ||,tapta-kancana-gaurangi radhe vrindavanesvari vrishabhanu-sute devi pranamami hari-priye ,added 03.08.23,,
Tārāpīṭh,Tarapith,,,
tat,tat,,,
tat tvam asi,tat tvam asi,,,
tattva(s),tattva(s),,,
tejas,tejas,,,
Teṉkaḷai,Tenkalai,,,
Ṭhākūra ,Thakur,,,
Thirukoṣtiyur,Thirukoshtiyur,,,
Thirumāliruñcōlai Temple,Thirumaliruncholai Temple,,,
tilaka(s),tilak(s),30.05 changed from tilak,,
tilatarpaṇa,tilatarpana,,,
tīrtha(s),tirtha(s),,,
Tirumaḻisai Āḻvār,Tirumalisai Alvar,added 10.06.23,,
Tirumaṅgai Āḻvār,Tirumangai Alvar,added 10.06.23,,
Tirupati,Tirupati,,,
Tiruppāṇ Āḻvār,Tiruppan Alvar,changed to ṇ 10.06.23,,
Tiruvāymoli,Tiruvaymoli,added 23.04.24,,
Toṇḍaraḍippoḍi Āḻvār,Tondaradippodi Alvar,added 10.06.23,,
Toṭā Gopīnātha,Tota Gopinath,added 25.04.24,,
Trailaṅgā Svāmī,Trailanga Swami,,,
trailokya-mohana-cakra,trailokya-mohana-cakra,,,
Trayodaśī,Trayodashi,,,
Tretā,Treta,,,
Tretā-yuga,Treta-yuga ,,,
tri-guṇa,tri-guna,added 25.04.24,,
Trimūrti,Trimurti,,,
trinetra,trinetra,,,
Tripura-ambā-cakreśvarī-devī,Tripura-amba-chakreshwari-devi,,,
Tripura-mālinī-cakreśvarī-devī,Tripura-malini-chakreshwari-devi,,,
Tripurā-siddhā-cakreśvarī-devī,Tripura-siddha-chakreshwari-devi,,,
triśūla,trishul,added 30.10.23,,
Trivakrā,Trivakra,,,
Trivikrama,Trivikrama,,,
Tṛṇāvarta,Trinavarta ,,,
Tukārām,Tukaram,,,
Tulsī,Tulsi,,,
Tulsī Vivāha ,Tulsi Vivaha,,,
Tulsī-āratī ,Tulsi-arati,,,
Tulsī-devī,Tulsi-devi,,,
Tulsī-mālā,Tulsi-mala,,,
"Tulsīdās, Gosvāmī","Tulsidas, Goswami",,,
Turyā,Turya,,,
Tvaṣṭa ,Tvashta,,,
tyāga,tyaga,,,
tyāgī,tyagi,,,
Uccaiḥśravā,Uchchaihshrava,-śravas to -śravā 01.06.24,,
Uddhava,Uddhava,,,
Uddhava Gītā,Uddhava Gita,,,
Uḍupī,Udupi,added 18.04.24,,
Udyoga-parva,Udyoga-parva,,,
Ugra-Narasiṁha,Ugra-Narasimha,updated 05.09.23,,
Ugrasena,Ugrasena,,,
ukāra,ukara,,,
upadeśa ,upadesha,,,
Upadeśa Kṛṣṇa,Upadesha Krishna,,,
Upanayana,Upanayana,,,
Upaniṣad(s),Upanishad(s),,,
upavāsa,upavasa,,,
Uṣmapas,Ushmapas,,,
utsava(-mūrti),utsava(-murti),added 28.01.25,,
uttama,uttama,,,
Uttama,Uttama ,,,
uttama-adhikārī,uttama-adhikari,,,
Uttamaujas,Uttamaujas,,,
Uttānapāda,Uttanapada,,,
Uttar Pradesh,Uttar Pradesh,,,
Uttarā,Uttara,,,
Uttara-Mīmāṃsā,Uttara-Mimansa,,,
Uttarakāṇḍa,Uttarakanda,,,
Uttarāyaṇa,Uttarayana,,,
Vaḍakalai,Vadakalai,,,
Vāgdevī,Vagdevi,,,
vāhana,vahana,changed to ā 15.06.23,,
vaidhika-bhakti,vaidhika-bhakti,,,
vaijayanti-mālā,vaijayanti-mala,,,
Vaikhānasa,Vaikhanasa,,,
Vaikhānasa Āgama,Vaikhanasa Agama,,,
Vaikuṇṭha,Vaikuntha,,,
Vaikuṇṭhaloka,Vaikunthaloka,,,
vairāgya,vairagya,,,
Vaiśeṣika,Vaisheshika,,,
Vaiṣṇava,Vaishnava,,,
Vaiṣṇava ācārya(s),Vaishnava acharya(s),,,
Vaiṣṇava Āgama,Vaishnava Agama,,,
Vaiṣṇava jana to,Vaishnava jana to,,,
Vaiṣṇava Purāṇa(s),Vaishnava Purana(s),,,
Vaiṣṇava sampradāya(s),Vaishnava sampradaya(s),,,
Vaiṣṇava-mantra,Vaishnava-mantra,,,
Vaiṣṇava-praṇāma ,Vaishnava-pranama,,,
Vaiṣṇava-sannyāsa ,Vaishnava-sannyasa ,,,
Vaiṣṇava-śāstras,Vaishnava-shastras,,,
Vaiṣṇavism,Vaishnavism,,,
vaiśya(s),vaishya(s),,,
Vaivasvata-manu,Vaivasvata-manu,,,
vajra,vajra,,,
Vāli,Vali,,,
"Vallabhācārya, Śrī","Vallabhacharya, Sri",,,
Vālmīki,Valmiki,,,
Vāmadeva,Vamadeva,,,
Vāmana,Vamana,,,
Vāmanāvātara,Vamana-avatar,,,
Vaṁśivaṭa,Vamshivat,added 23.03.24,,
vānaprastha,vanaprastha,,,
Vānaras,Vanaras,added 16.12.24,,
vāñchā-kalpatarūbhayaś ca kṛpā-sindhubhya eva ca patitanāṁ pāvanebhyo vaiṣṇavebhyo namo namaḥ,vancha-kalpatarubhayash cha krpa-sindhubyah eva cha patitanam pavanebhyo vaishnavebhyo namo namah,added 14.07.23,,
vandana,vandana,,,
vandana-bhakti,vandana-bhakti,,,
Varadarāja,Varadaraja,,,
Varāha,Varaha,,,
Varāhāvatāra,Varahavatar,,,
Vārāṇasī,Varanasi,added 07.05.24,,
Vararaṅga,Vararanga,,,
vareṇyam,varenyam,,,
vārkarī(s),varkari(s),lowercase 29.08.24,,
varṇa-dharma,varna-dharma,,,
varṇa(s),varna(s),,,
Varuṇa,Varuna,,,
Vāruṇī,Varuni,added 23.04.24,,
vāsanās,vasanas,,,
Vasanta Navarātri,Vasanta Navaratri,,,
Vasanta Pañcami,Vasanta Panchami,,,
Vāsava,Vasava,,,
vaśīkaraṇa,vashikarana,,,
Vasiṣṭha,Vasishtha,,,
vastra-haraṇa,vastra-harana,,,
Vasudeva,Vasudeva,father of Kṛṣṇa,,
Vāsudeva,Vasudeva,name of Bhagavān,,
vasudhaiva-kuṭumbakam,vasudhaiva-kutumbakam,,,
Vāsuki,Vasuki,,,
Vasus,Vasus,,,
Vatikā,Vatika ,,,
vātsalya-bhāva,vatsalya-bhava,,,
Vatsāsura,Vatsasura,,,
Vāyu,Vayu,,,
Veda-svarūpa,Veda-svarupa,,,
Veda(s),Veda(s),,,
Vedāṅgas,Vedangas,,,
Vedānta,Vedanta,,,
Vedānta ācārya(s),Vedanta acharya(s),,,
Vedānta-sūtra(s),Vedanta-sutra(s),,,
vedāntī(s),vedanti(s),,,
vedantic,vedantic,added 18.04.24,,
Vedavyāsa,Vedavyasa,removed hyphen 31.08.24,,
Vedic,Vedic,added 31.01.26,,
Veṅkaṭeśvara,Venkateshwara,,,
Vibhava,Vibhava,,,
Vibhīṣaṇa,Vibhishana,,,
Vibhūti-yoga,Vibhuti-yoga,,,
vibhūti(s),vibhuti(s),,,
Vidura,Vidura,,,
vigraha(s),vigraha(s),,,
Vijaya,Vijaya,,,
Vijayā-daśamī,Vijaya-dashami,,,
Vijaya-Lakṣmī,Vijaya-Lakshmi,added 31.01.24,,
vikarma,vikarma,,,
Vikarṇa,Vikarna,,,
vimāna,vimana ,,,
vīṇā,vina,,,
Vināta,Vinata,,,
Vīra-Lakṣmī,Vira-Lakshmi,Vira-Lakshmi,,
Virāṭ-Puruṣa,Virat-Purusha,,,
Virāṭ-rūpā,Virat-rupa ,added 03.08.23,,
Virāṭ-svarūpā,Virat-svarupa ,,,
"Virāṭa, King",Virata,,,
vīrya,virya,"lowercase 09.09.23, attribute of the Lord",,
visarjana,visarjan,added 21.12.25,,
Viśiṣṭādvaita ,Vishishtadvaita,,,
Viśiṣṭādvaita Vedānta,Vishishtadvaita Vedanta,,,
Viṣṇu,Vishnu,,,
Viṣṇu Purāṇa,Vishnu Purana,,,
Viṣṇu-āratī,Vishnu-arati,,,
Viṣṇu-māyā,Vishnu-maya ,,,
Viṣṇu-Nārāyaṇa,Vishnu-Narayana,,,
Viṣṇu-pādam,Vishnu-padam,,,
Viṣṇu-tattva,Vishnu-tattva,,,
Viṣṇuloka,Vishnuloka,,,
Viṣṇusahasranāma,Vishnusahasranama,,,
Visoba Chatti,Visoba Chatti,,,
Visoba Kechar,Visoba Kechar,,,
viśuddha-cakra,vishuddha-chakra,,,
viśuddhi-ātma-cakra,vishuddhi-atma-chakra,,,
Viśva-svarūpa,Vishwa-svarupa,,,
Viśvadevas,Vishwadevas,,,
Viśvakarmā,Vishwakarma,,,
Viṣvaksena,Vishwaksena,updated 23.02.24,,
Viṣvaksena-pūjā,Vishvaksena-puja,,,
Viśvāmitra,Vishwamitra,,,
Viśvarūpa,Vishwarupa ,,,
Viśvarūpa-darśana-yoga,Vishwarupa-darshana-yoga,,,
Viśvas,Vishvas,,,
Viṭhobā,Vithoba  ,,,
Vitthal Dham,Vitthal Dham,,,
Viṭṭhala,Vitthala ,,,
vivāha,vivaha,,,
Vivasvān,Vivasvan,,,
viveka,viveka,,,
Vraja,Vraj,,,
Vraja-līlā,Vraja-lila,added 18.01.24,,
vraja-vāsīs,vraja-vasis,added 04.06.24,,
vrajavāsī(s),vrajvasi(s),added 05.08.23,,
Vṛndā-devī,Vrinda-devi,,,
Vṛndāvana,Vrindavan,update 10.08.23,,
Vṛṣabhānu,Vrishbhanu,,,
Vṛṣṇi(s),Vrishni(s),,,
Vṛtāsura,Vritasura,23.05,,
vyabhicāriṇī-bhakti,vyabhicharini-bhakti,,,
Vyākaraṇa,Vyakarana,added 18.04.24,one of the Vedāṅgas,
Vyāsa,Vyasa,,,
Vyāsa Pūrnimā,Vyasa Purnima,,,
Vyāsa-āsana,Vyasa-asana,āsana 03.08.23,,
Vyāsadeva,Vyasadeva,,,
vyūha(s),vyuha(s),,,
yā kundendu-tuṣāra-hāra-dhavalā yā śubhra-vastrāvṛtā yā vīṇā-vara-daṇḍa-maṇḍita-karā yā śveta-padmāsanā | yā brahmācyuta-śaṅkara-prabhṛtibhir-devaiḥ sadā vanditā sā māṁ pātu sarasvati bhagavati buddhi pradāṁ śārade || ,ya kundendu-tushara-hara-dhavala ya shubhra-vastravrta ya vina-vara-danda-mandita-kara ya shveta-padmasana ya brahmacyuta-shankara-prabhrtibhir-devaih sada vandita sa mam patu sarasvati bhagavati buddhi pradam sharade,added 03.08.23,,
Yādava(s) ,Yadava(s) ,,,
Yādavaprakāśa,Yadavaprakasha,,,
Yadu ,Yadu,,,
Yadukumāra,Yadukumara,added 25.04.24,,
yajña,yajna,,,
yajña-patnīs,yajna-patnis,,,
yajña-śālā,yajna-shala,,,
Yājñavalkya,Yajnavalkya,,,
yajñopavīta,yajnopavita,,,
Yajur Veda,Yajur Veda,,,
Yakṣas,Yakshas,,,
yama,yama,,,
Yama,Yama,,,
Yama-dūta(s),Yama-duta(s),added 12.12.23,,
Yamarāja,Yamaraj,,,
Yamunā,Yamuna,,,
Yāmunācārya,Yamunacharya,,,
yantra,yantra ,,,
Yaśodā,Yashoda,,,
Yatirājā,Yatiraja,,,
yodha,yodha,,,
yoga,yoga,,,
Yoga,Yoga,added 18.04.24,one of the ṣaḍ-darśanas,
Yoga-māyā,Yoga-maya,as personality,,
yoga-māyā,yoga-maya,in a general sense,,
Yoga-Narasiṁha,Yoga-Narasimha,updated 05.09.23,,
yoga-nidrā                                                                                                                                        ,yoga-nidra																	,,,
Yoga-sūtras,Yoga-sutras,,,
yogī(s),yogi(s),,,
yogic,yogic,,,
yoginī,yogini,,,
Yuddha-kaṇḍa,Yuddha-kanda,added 25.03.26,,
Yudhāmanyu,Yudhamanyu,,,
Yudhiṣṭhira,Yudhishthira,,,
yuga(s),yuga(s),,,
"Yukteśvarjī, Śrī ","Yukteshwarji, Sri",,,
Yuyudhāna,Yuyudhana,,,
Bhūtatt Āḻvār,Bhutatt Alvar,,,
Muktināth,Muktinath,,,
mukti-kṣetra ,mukti-kshetra,,,